id,title,original_title,overview,genres,keywords,vote_average,vote_count,release_date,runtime,popularity,poster_path
969681,Spider-Man: Brand New Day,Spider-Man: Brand New Day,Fighting crime full-time as Spider-Man in a world that doesn't remember him—and the pressure of seeing his old friends move on without him—sparks a change in Peter Parker he may not have the power to control. But that transformation might also be the only thing that can stop a shocking new threat to the city and those he loves - a powerful villain no one can even see.,"[{""id"": 878, ""name"": ""Science Fiction""}, {""id"": 28, ""name"": ""Action""}, {""id"": 12, ""name"": ""Adventure""}]","[{""id"": 9678, ""name"": ""mind control""}, {""id"": 242, ""name"": ""new york city""}, {""id"": 1701, ""name"": ""hero""}, {""id"": 2766, ""name"": ""mutation""}, {""id"": 1308, ""name"": ""secret identity""}, {""id"": 9715, ""name"": ""superhero""}, {""id"": 3986, ""name"": ""spider""}, {""id"": 3289, ""name"": ""villain""}, {""id"": 9717, ""name"": ""based on comic""}, {""id"": 9663, ""name"": ""sequel""}, {""id"": 12375, ""name"": ""transhumanism""}, {""id"": 33637, ""name"": ""super power""}, {""id"": 158456, ""name"": ""masked vigilante""}, {""id"": 169909, ""name"": ""spider web""}, {""id"": 179430, ""name"": ""aftercreditsstinger""}, {""id"": 180547, ""name"": ""marvel cinematic universe (mcu)""}, {""id"": 180734, ""name"": ""masked superhero""}, {""id"": 193946, ""name"": ""fight for justice""}, {""id"": 233300, ""name"": ""genetic mutation""}]",7.891,1340,2026-07-29,145,1467.2453,/iPOn6DinuVyLY17YM9mKuPofV08.jpg
1368337,The Odyssey,The Odyssey,"Odysseus, the legendary King of Ithaca, embarks on a long and perilous journey home following the Trojan War. Throughout his voyage, he is forced to confront the whims of gods, mythological monsters, and trials that stretch both his cunning and his humanity to the breaking point.","[{""id"": 12, ""name"": ""Adventure""}, {""id"": 28, ""name"": ""Action""}, {""id"": 14, ""name"": ""Fantasy""}]","[{""id"": 3799, ""name"": ""ship""}, {""id"": 3265, ""name"": ""trojan war""}, {""id"": 2036, ""name"": ""greek mythology""}, {""id"": 12995, ""name"": ""historical fiction""}, {""id"": 14704, ""name"": ""ancient world""}, {""id"": 15060, ""name"": ""period drama""}, {""id"": 41011, ""name"": ""based on song, poem or rhyme""}, {""id"": 174378, ""name"": ""greek history""}, {""id"": 181240, ""name"": ""voyage""}, {""id"": 187305, ""name"": ""peplum""}, {""id"": 189119, ""name"": ""ancient""}, {""id"": 189601, ""name"": ""trojan horse""}, {""id"": 208980, ""name"": ""mediterranean sea""}, {""id"": 235616, ""name"": ""bronze age""}, {""id"": 249756, ""name"": ""mythical""}, {""id"": 311653, ""name"": ""odyssey""}, {""id"": 317728, ""name"": ""sword and sandal""}, {""id"": 375250, ""name"": ""epic fantasy""}]",7.973,2445,2026-07-15,173,898.4282,/5rhTDKUhPYvpdQIijFIs5VoWsON.jpg
634649,Spider-Man: No Way Home,Spider-Man: No Way Home,"Peter Parker is unmasked and no longer able to separate his normal life from the high-stakes of being a super-hero. When he asks for help from Doctor Strange the stakes become even more dangerous, forcing him to discover what it truly means to be Spider-Man.","[{""id"": 28, ""name"": ""Action""}, {""id"": 12, ""name"": ""Adventure""}, {""id"": 878, ""name"": ""Science Fiction""}]","[{""id"": 242, ""name"": ""new york city""}, {""id"": 1701, ""name"": ""hero""}, {""id"": 797, ""name"": ""showdown""}, {""id"": 2343, ""name"": ""magic""}, {""id"": 697, ""name"": ""loss of loved one""}, {""id"": 1308, ""name"": ""secret identity""}, {""id"": 9715, ""name"": ""superhero""}, {""id"": 3289, ""name"": ""villain""}, {""id"": 7939, ""name"": ""portal""}, {""id"": 9717, ""name"": ""based on comic""}, {""id"": 9663, ""name"": ""sequel""}, {""id"": 7002, ""name"": ""vigilante""}, {""id"": 155030, ""name"": ""superhero team""}, {""id"": 158456, ""name"": ""masked vigilante""}, {""id"": 175629, ""name"": ""alternative reality""}, {""id"": 179430, ""name"": ""aftercreditsstinger""}, {""id"": 179431, ""name"": ""duringcreditsstinger""}, {""id"": 180547, ""name"": ""marvel cinematic universe (mcu)""}, {""id"": 180734, ""name"": ""masked superhero""}, {""id"": 193946, ""name"": ""fight for justice""}, {""id"": 213104, ""name"": ""teen superhero""}, {""id"": 265979, ""name"": ""superhero teamup""}, {""id"": 283844, ""name"": ""returning hero""}, {""id"": 285485, ""name"": ""teamwork""}, {""id"": 336874, ""name"": ""multiverse""}]",7.937,22553,2021-12-15,148,590.5478,/1g0dhYtq4irTY1GPXvft6k4YLjm.jpg
1081003,Supergirl,Supergirl,"When an unexpected and ruthless adversary strikes too close to home, Kara Zor-El, aka Supergirl, reluctantly joins forces with an unlikely companion on an epic, interstellar journey of vengeance and justice.","[{""id"": 28, ""name"": ""Action""}, {""id"": 12, ""name"": ""Adventure""}, {""id"": 878, ""name"": ""Science Fiction""}]","[{""id"": 4270, ""name"": ""galaxy""}, {""id"": 1701, ""name"": ""hero""}, {""id"": 9715, ""name"": ""superhero""}, {""id"": 3289, ""name"": ""villain""}, {""id"": 9717, ""name"": ""based on comic""}, {""id"": 9882, ""name"": ""space""}, {""id"": 11322, ""name"": ""female protagonist""}, {""id"": 15162, ""name"": ""dog""}, {""id"": 33637, ""name"": ""super power""}, {""id"": 156525, ""name"": ""heroine""}, {""id"": 161184, ""name"": ""reboot""}, {""id"": 190742, ""name"": ""solitude""}, {""id"": 194404, ""name"": ""supervillain""}, {""id"": 223640, ""name"": ""rescue dog""}, {""id"": 312528, ""name"": ""dc universe (dcu)""}]",6.744,1703,2026-06-24,108,420.2912,/1QCWdqzTfh2x9UylVpspIU6QTuM.jpg
1275779,Disclosure Day,Disclosure Day,"A cybersecurity expert becomes a whistleblower after uncovering secrets about aliens, putting him on the run from a corporation. Meanwhile, a meteorologist experiencing strange phenomena joins forces with him to prove there's life beyond our understanding.","[{""id"": 878, ""name"": ""Science Fiction""}, {""id"": 53, ""name"": ""Thriller""}]","[{""id"": 242, ""name"": ""new york city""}, {""id"": 5707, ""name"": ""childhood trauma""}, {""id"": 9951, ""name"": ""alien""}, {""id"": 10562, ""name"": ""on the run""}, {""id"": 11016, ""name"": ""kansas city""}, {""id"": 11265, ""name"": ""mind reading""}, {""id"": 14909, ""name"": ""alien invasion""}, {""id"": 168669, ""name"": ""meteorologist""}, {""id"": 197582, ""name"": ""mysterious""}, {""id"": 209799, ""name"": ""whistleblower""}, {""id"": 298530, ""name"": ""conspiracy thriller""}, {""id"": 325824, ""name"": ""hopeful""}]",7.428,2551,2026-06-10,146,305.3176,/AnJ8IQJI23hNpYXVNaythu061Ru.jpg
1084244,Toy Story 5,Toy Story 5,"When Bonnie receives a Lilypad tablet as a gift and becomes obsessed, Buzz, Woody, Jessie and the rest of the gang's jobs become exponentially harder when they have to go head to head with the all-new threat to playtime.","[{""id"": 16, ""name"": ""Animation""}, {""id"": 10751, ""name"": ""Family""}, {""id"": 35, ""name"": ""Comedy""}, {""id"": 12, ""name"": ""Adventure""}]","[{""id"": 4932, ""name"": ""farm""}, {""id"": 2041, ""name"": ""island""}, {""id"": 4931, ""name"": ""pig""}, {""id"": 2673, ""name"": ""horse""}, {""id"": 11107, ""name"": ""rescue mission""}, {""id"": 9823, ""name"": ""rivalry""}, {""id"": 9663, ""name"": ""sequel""}, {""id"": 9673, ""name"": ""love""}, {""id"": 9743, ""name"": ""stranded""}, {""id"": 13027, ""name"": ""wedding""}, {""id"": 18251, ""name"": ""tire swing""}, {""id"": 33553, ""name"": ""walkie talkie""}, {""id"": 33602, ""name"": ""cowgirl""}, {""id"": 155291, ""name"": ""cowboy""}, {""id"": 167541, ""name"": ""buddy comedy""}, {""id"": 179431, ""name"": ""duringcreditsstinger""}, {""id"": 187065, ""name"": ""toy comes to life""}, {""id"": 188316, ""name"": ""hippo""}, {""id"": 216734, ""name"": ""abandonment""}, {""id"": 233270, ""name"": ""toilet paper""}, {""id"": 235220, ""name"": ""replacement""}, {""id"": 265589, ""name"": ""toy""}, {""id"": 278301, ""name"": ""frog""}, {""id"": 278823, ""name"": ""3d animation""}, {""id"": 312222, ""name"": ""tablet""}, {""id"": 315025, ""name"": ""ipad""}, {""id"": 325762, ""name"": ""adoring""}]",7.424,790,2026-06-17,102,307.8934,/sfQtVlIHljToOwYjhe21KPGzZWK.jpg
1339713,Obsession,Obsession,"After breaking the mysterious ""One Wish Willow"" to win his crush's heart, a hopeless romantic finds himself getting exactly what he asked for but soon discovers that some desires come at a dark, sinister price.","[{""id"": 27, ""name"": ""Horror""}, {""id"": 53, ""name"": ""Thriller""}]","[{""id"": 1523, ""name"": ""obsession""}, {""id"": 6152, ""name"": ""supernatural""}, {""id"": 9712, ""name"": ""possession""}, {""id"": 4896, ""name"": ""wish""}, {""id"": 10048, ""name"": ""unrequited love""}, {""id"": 33494, ""name"": ""couple""}, {""id"": 214655, ""name"": ""absurdism""}, {""id"": 233130, ""name"": ""self-harm""}, {""id"": 256183, ""name"": ""supernatural horror""}, {""id"": 272553, ""name"": ""psychological""}, {""id"": 281237, ""name"": ""independent film""}, {""id"": 295907, ""name"": ""psychological horror""}, {""id"": 304115, ""name"": ""cursed object""}]",8.232,4440,2026-05-13,109,303.9085,/bRwnj8WEKBCvmfeUNOukJPwB43K.jpg
1284465,The Death of Robin Hood,The Death of Robin Hood,"Grappling with his past after a life of crime and murder, Robin Hood finds himself gravely injured after a battle he thought would be his last. In the hands of a mysterious woman, he is offered a chance at salvation.","[{""id"": 12, ""name"": ""Adventure""}, {""id"": 18, ""name"": ""Drama""}, {""id"": 28, ""name"": ""Action""}]","[{""id"": 4147, ""name"": ""robin hood""}, {""id"": 185343, ""name"": ""based on myths, legends or folklore""}, {""id"": 210162, ""name"": ""grim""}, {""id"": 215659, ""name"": ""salvation""}, {""id"": 280188, ""name"": ""grimdark""}]",6.422,179,2026-06-18,123,287.7651,/92Tsfx7SFafOqWsotvrlJbHyehd.jpg
1284041,The Last House,The Last House,A family suddenly sealed inside their home must work together to survive against dwindling resources and the ominous threat keeping them trapped.,"[{""id"": 27, ""name"": ""Horror""}, {""id"": 878, ""name"": ""Science Fiction""}, {""id"": 53, ""name"": ""Thriller""}]","[{""id"": 1299, ""name"": ""monster""}, {""id"": 7994, ""name"": ""water monster""}, {""id"": 224052, ""name"": ""sea creature""}, {""id"": 361988, ""name"": ""dangerous rain""}]",6.555,182,2026-08-06,110,290.8148,/6JU7E8Vv2M11egkctWVOScxWR75.jpg
1108427,Moana,Moana,"Teenage Moana answers the Ocean's call and, for the first time, voyages beyond the reef of her island of Motunui with infamous demigod Maui on an unforgettable journey to restore prosperity to her people.","[{""id"": 10751, ""name"": ""Family""}, {""id"": 14, ""name"": ""Fantasy""}, {""id"": 35, ""name"": ""Comedy""}, {""id"": 12, ""name"": ""Adventure""}]","[{""id"": 544, ""name"": ""sailboat""}, {""id"": 658, ""name"": ""sea""}, {""id"": 6054, ""name"": ""friendship""}, {""id"": 270, ""name"": ""ocean""}, {""id"": 2982, ""name"": ""leaving one's family""}, {""id"": 4344, ""name"": ""musical""}, {""id"": 9714, ""name"": ""remake""}, {""id"": 10541, ""name"": ""curse""}, {""id"": 157155, ""name"": ""explorer""}, {""id"": 165317, ""name"": ""based on movie""}, {""id"": 180548, ""name"": ""demigod""}, {""id"": 180803, ""name"": ""polynesia""}, {""id"": 208649, ""name"": ""sea adventure""}, {""id"": 223089, ""name"": ""giant crab""}, {""id"": 234183, ""name"": ""animal sidekick""}, {""id"": 236465, ""name"": ""seafarer""}, {""id"": 245230, ""name"": ""live action remake""}, {""id"": 347753, ""name"": ""female explorer""}]",6.046,184,2026-07-08,115,255.3126,/zKVgiv5qHCvCLT4A2ymJi5QeXDH.jpg
1315772,Minions & Monsters,Minions & Monsters,"This is the rambunctious, ridiculous and totally true story of how the Minions conquered Hollywood, became movie stars, lost everything, unleashed monsters onto the world and then banded together to try and save the planet from the mayhem they had just created.","[{""id"": 12, ""name"": ""Adventure""}, {""id"": 16, ""name"": ""Animation""}, {""id"": 35, ""name"": ""Comedy""}, {""id"": 10751, ""name"": ""Family""}, {""id"": 14, ""name"": ""Fantasy""}]","[{""id"": 2343, ""name"": ""magic""}, {""id"": 9663, ""name"": ""sequel""}, {""id"": 9951, ""name"": ""alien""}, {""id"": 9675, ""name"": ""prequel""}, {""id"": 12396, ""name"": ""hollywood""}, {""id"": 15285, ""name"": ""spin off""}, {""id"": 18354, ""name"": ""henchman""}, {""id"": 33490, ""name"": ""filmmaking""}, {""id"": 154802, ""name"": ""silent film""}, {""id"": 164246, ""name"": ""nostalgic""}, {""id"": 168319, ""name"": ""framing device""}, {""id"": 190969, ""name"": ""women's suffrage""}, {""id"": 207876, ""name"": ""1920s""}, {""id"": 220903, ""name"": ""humanoid robot""}, {""id"": 278823, ""name"": ""3d animation""}, {""id"": 289108, ""name"": ""monsters""}, {""id"": 290395, ""name"": ""casual""}, {""id"": 325765, ""name"": ""amused""}, {""id"": 325782, ""name"": ""cheerful""}, {""id"": 325814, ""name"": ""familiar""}, {""id"": 364802, ""name"": ""early sound film""}]",6.35,270,2026-06-24,90,256.0157,/nz7i42yhLIJ4ve9JKgM6NthoLHO.jpg
454639,Masters of the Universe,Masters of the Universe,"After being separated for 15 years, the Sword of Power leads Prince Adam back to Eternia, where he discovers his home shattered under the fiendish rule of Skeletor. To save his family and his world, Adam must join forces with his closest allies, Teela and Duncan/Man-At-Arms, and embrace his true destiny as He-Man — the most powerful man in the universe.","[{""id"": 28, ""name"": ""Action""}, {""id"": 14, ""name"": ""Fantasy""}, {""id"": 878, ""name"": ""Science Fiction""}]","[{""id"": 4062, ""name"": ""skeleton""}, {""id"": 9715, ""name"": ""superhero""}, {""id"": 5609, ""name"": ""nostalgia""}, {""id"": 10158, ""name"": ""alien planet""}, {""id"": 10542, ""name"": ""based on toy""}, {""id"": 33637, ""name"": ""super power""}, {""id"": 161184, ""name"": ""reboot""}, {""id"": 179430, ""name"": ""aftercreditsstinger""}, {""id"": 179431, ""name"": ""duringcreditsstinger""}, {""id"": 192913, ""name"": ""warrior""}, {""id"": 195446, ""name"": ""sword and planet""}, {""id"": 226774, ""name"": ""father son conflict""}, {""id"": 234213, ""name"": ""sword and sorcery""}, {""id"": 240303, ""name"": ""father daughter relationship""}, {""id"": 254167, ""name"": ""loving""}, {""id"": 269769, ""name"": ""based on tv series""}, {""id"": 281585, ""name"": ""inspirational""}, {""id"": 325831, ""name"": ""instructive""}]",7.217,1684,2026-06-03,141,214.7988,/oRuyGUHdoaQxWP3SDfafGkStxTC.jpg
1481343,The Devil's Mouth,The Devil's Mouth,"A group of college friends' Thailand adventure turns deadly when they become trapped in submerged caves with a dangerous predator. As oxygen runs low, past conflicts emerge in their desperate fight for survival.","[{""id"": 27, ""name"": ""Horror""}, {""id"": 53, ""name"": ""Thriller""}]","[{""id"": 1964, ""name"": ""cave""}, {""id"": 5160, ""name"": ""animal attack""}, {""id"": 3434, ""name"": ""thailand""}, {""id"": 10349, ""name"": ""survival""}, {""id"": 13031, ""name"": ""creature""}, {""id"": 15097, ""name"": ""shark""}, {""id"": 50009, ""name"": ""survival horror""}, {""id"": 158108, ""name"": ""killer shark""}, {""id"": 202371, ""name"": ""aggressive""}, {""id"": 221023, ""name"": ""college friends""}, {""id"": 223059, ""name"": ""animal horror""}, {""id"": 281585, ""name"": ""inspirational""}, {""id"": 336497, ""name"": ""survival thriller""}]",6.562,515,2026-07-29,106,227.0605,/lH8k9uCWYn2b2gsYleqYBDPbWa8.jpg
1375646,Colony,군체,"Professor Se-jeong is thrust into a bloody nightmare when a rapidly mutating virus is released during a biotech conference causing authorities to seal the facility. Trapped inside with no escape, Se-jeong along with a small group of survivors must fight to stay alive while the infected undergo horrific transformations.","[{""id"": 28, ""name"": ""Action""}, {""id"": 27, ""name"": ""Horror""}, {""id"": 878, ""name"": ""Science Fiction""}]","[{""id"": 12377, ""name"": ""zombie""}]",8.1,441,2026-05-21,123,254.6634,/tN799oUR0f1gUKDYdMNrDaY7I51.jpg
315635,Spider-Man: Homecoming,Spider-Man: Homecoming,"Following the events of Captain America: Civil War, Peter Parker, with the help of his mentor Tony Stark, tries to balance his life as an ordinary high school student in Queens, New York City, with fighting crime as his superhero alter ego Spider-Man as a new threat, the Vulture, emerges.","[{""id"": 28, ""name"": ""Action""}, {""id"": 12, ""name"": ""Adventure""}, {""id"": 878, ""name"": ""Science Fiction""}]","[{""id"": 6270, ""name"": ""high school""}, {""id"": 242, ""name"": ""new york city""}, {""id"": 521, ""name"": ""washington dc, usa""}, {""id"": 1308, ""name"": ""secret identity""}, {""id"": 9715, ""name"": ""superhero""}, {""id"": 9717, ""name"": ""based on comic""}, {""id"": 10683, ""name"": ""coming of age""}, {""id"": 161184, ""name"": ""reboot""}, {""id"": 179430, ""name"": ""aftercreditsstinger""}, {""id"": 179431, ""name"": ""duringcreditsstinger""}, {""id"": 180547, ""name"": ""marvel cinematic universe (mcu)""}, {""id"": 180734, ""name"": ""masked superhero""}, {""id"": 213104, ""name"": ""teen superhero""}, {""id"": 325783, ""name"": ""clich\u00e9""}, {""id"": 325851, ""name"": ""straightforward""}]",7.332,23542,2017-07-05,133,223.5165,/c24sv2weTHPsmDa7jEMN0m2P3RT.jpg
1083381,Backrooms,Backrooms,A strange doorway appears in the basement of a furniture showroom.,"[{""id"": 27, ""name"": ""Horror""}, {""id"": 9648, ""name"": ""Mystery""}, {""id"": 878, ""name"": ""Science Fiction""}]","[{""id"": 387, ""name"": ""california""}, {""id"": 1299, ""name"": ""monster""}, {""id"": 2726, ""name"": ""therapist""}, {""id"": 9887, ""name"": ""surrealism""}, {""id"": 5707, ""name"": ""childhood trauma""}, {""id"": 7464, ""name"": ""alcoholism""}, {""id"": 163053, ""name"": ""found footage""}, {""id"": 210608, ""name"": ""1990s""}, {""id"": 223914, ""name"": ""other dimension""}, {""id"": 239125, ""name"": ""based on web series""}, {""id"": 272553, ""name"": ""psychological""}, {""id"": 281917, ""name"": ""liminal""}, {""id"": 283085, ""name"": ""body horror""}, {""id"": 295907, ""name"": ""psychological horror""}, {""id"": 306411, ""name"": ""liminal space""}, {""id"": 319324, ""name"": ""analog horror""}, {""id"": 323910, ""name"": ""sci-fi horror""}, {""id"": 325777, ""name"": ""bewildered""}, {""id"": 325817, ""name"": ""foreboding""}, {""id"": 332022, ""name"": ""liminal horror""}]",7.113,2607,2026-05-27,111,204.8987,/rhGx6E3qRNMgj3i5su2oukNHwIQ.jpg
1212763,Evil Dead Burn,Evil Dead Burn,"After her husband's abrupt death, Alice seeks solace with his remaining family — descendants of a leading researcher on demonic possession. As her in-laws transform one by one into creatures that feed on fear, she comes to discover that the vows she took in life survive even in death.","[{""id"": 27, ""name"": ""Horror""}]","[{""id"": 3739, ""name"": ""funeral""}, {""id"": 4129, ""name"": ""widow""}, {""id"": 6152, ""name"": ""supernatural""}, {""id"": 9712, ""name"": ""possession""}, {""id"": 10041, ""name"": ""dysfunctional family""}, {""id"": 9663, ""name"": ""sequel""}, {""id"": 9872, ""name"": ""grief""}, {""id"": 13153, ""name"": ""spirit""}, {""id"": 15001, ""name"": ""demon""}, {""id"": 15285, ""name"": ""spin off""}, {""id"": 18035, ""name"": ""family""}, {""id"": 157458, ""name"": ""book of the dead""}, {""id"": 157459, ""name"": ""evil dead""}, {""id"": 161261, ""name"": ""demonic possession""}, {""id"": 175421, ""name"": ""death of husband""}, {""id"": 212643, ""name"": ""abusive husband""}, {""id"": 256183, ""name"": ""supernatural horror""}, {""id"": 283085, ""name"": ""body horror""}, {""id"": 325821, ""name"": ""ghoulish""}, {""id"": 325854, ""name"": ""tragic""}]",7.894,809,2026-07-07,110,257.5755,/uRxrNXQWkHoENm3nwVOZDYSCx2F.jpg
1698863,The Odyssey,The Odyssey,"Based on the Ancient Greek epic. After ten years of war, King Odysseus sets sail for Ithaca, eager to reunite with his beloved. But his journey home is far more treacherous than the battlefield, as he must face deadly monsters and vengeful gods to survive.","[{""id"": 12, ""name"": ""Adventure""}, {""id"": 14, ""name"": ""Fantasy""}, {""id"": 28, ""name"": ""Action""}]","[{""id"": 208879, ""name"": ""mockbuster""}]",6.2,9,2026-07-03,86,225.1096,/xBHCRB7zLIW41w8QskfwJhm32YF.jpg
557,Spider-Man,Spider-Man,"After being bitten by a genetically altered spider at Oscorp, nerdy but endearing high school student Peter Parker is endowed with amazing powers to become the superhero known as Spider-Man.","[{""id"": 28, ""name"": ""Action""}, {""id"": 878, ""name"": ""Science Fiction""}]","[{""id"": 242, ""name"": ""new york city""}, {""id"": 704, ""name"": ""adolescence""}, {""id"": 1003, ""name"": ""photographer""}, {""id"": 697, ""name"": ""loss of loved one""}, {""id"": 6025, ""name"": ""photography""}, {""id"": 1308, ""name"": ""secret identity""}, {""id"": 6062, ""name"": ""hostility""}, {""id"": 9715, ""name"": ""superhero""}, {""id"": 3986, ""name"": ""spider""}, {""id"": 5812, ""name"": ""bad boss""}, {""id"": 3289, ""name"": ""villain""}, {""id"": 9717, ""name"": ""based on comic""}, {""id"": 18068, ""name"": ""teenage boy""}, {""id"": 18425, ""name"": ""teenage love""}, {""id"": 156075, ""name"": ""evil""}, {""id"": 163074, ""name"": ""super villain""}, {""id"": 252759, ""name"": ""taking responsibility""}]",7.341,21058,2002-05-01,121,190.5988,/nXdAh5vUwERL4WGVMaee8RoDEAS.jpg
1273221,Scary Movie,Scary Movie,"Twenty-six years after outrunning a suspiciously familiar masked killer, the Core Four are back in the killer's crosshairs and no horror movie IP is safe.","[{""id"": 35, ""name"": ""Comedy""}]","[{""id"": 9755, ""name"": ""parody""}, {""id"": 9663, ""name"": ""sequel""}, {""id"": 9253, ""name"": ""slapstick comedy""}, {""id"": 9964, ""name"": ""crude humor""}, {""id"": 11931, ""name"": ""spoof""}, {""id"": 11321, ""name"": ""animated scene""}, {""id"": 12339, ""name"": ""slasher""}, {""id"": 12416, ""name"": ""horror spoof""}, {""id"": 155263, ""name"": ""dildo""}, {""id"": 161184, ""name"": ""reboot""}, {""id"": 179431, ""name"": ""duringcreditsstinger""}, {""id"": 181109, ""name"": ""mother daughter estrangement""}, {""id"": 210772, ""name"": ""legacy""}, {""id"": 225012, ""name"": ""satirical""}, {""id"": 230696, ""name"": ""offensive""}, {""id"": 239797, ""name"": ""complex""}, {""id"": 240772, ""name"": ""cosmetic surgery""}, {""id"": 243617, ""name"": ""weed""}, {""id"": 249969, ""name"": ""horror parody""}, {""id"": 253419, ""name"": ""social media influencer""}, {""id"": 274650, ""name"": ""livestream""}, {""id"": 302399, ""name"": ""stoner comedy""}, {""id"": 325811, ""name"": ""excited""}, {""id"": 325836, ""name"": ""mocking""}, {""id"": 343784, ""name"": ""meta humor""}, {""id"": 366810, ""name"": ""gross out""}, {""id"": 375915, ""name"": ""raunchy""}]",6.467,1524,2026-06-03,96,185.9963,/znHT8peERZRWG1ME3r0Db0EV8k8.jpg
980431,Avatar Aang: The Last Airbender,Avatar Aang: The Last Airbender,"Avatar Aang, the world's last Airbender, learns of an ancient power that could save his culture from extinction. With the help of his friends, he embarks on a global quest to find it before it falls into the wrong hands and threatens to upend the peace they sacrificed everything to achieve.","[{""id"": 16, ""name"": ""Animation""}, {""id"": 28, ""name"": ""Action""}, {""id"": 12, ""name"": ""Adventure""}, {""id"": 14, ""name"": ""Fantasy""}]","[{""id"": 779, ""name"": ""martial arts""}, {""id"": 156803, ""name"": ""extinction""}, {""id"": 251150, ""name"": ""cultural identity""}, {""id"": 269769, ""name"": ""based on tv series""}, {""id"": 325765, ""name"": ""amused""}, {""id"": 325784, ""name"": ""comforting""}, {""id"": 325824, ""name"": ""hopeful""}, {""id"": 327471, ""name"": ""anime inspired""}]",9.291,748,2026-07-24,99,175.1395,/3sgnSfNT27Bx5O5ukr7B26mhEQq.jpg
1307118,Soulm8te,Soulm8te,"After a ruthless tech giant acquires a small robotics company, a grieving engineer is tasked with testing their new AI companion. But when he attempts to reprogram her to be a truly sentient soulmate, she develops needs of her own—unleashing a relentless spree of precision-engineered mayhem.","[{""id"": 27, ""name"": ""Horror""}, {""id"": 878, ""name"": ""Science Fiction""}, {""id"": 53, ""name"": ""Thriller""}]","[{""id"": 803, ""name"": ""android""}, {""id"": 310, ""name"": ""artificial intelligence (a.i.)""}, {""id"": 1373, ""name"": ""killer robot""}, {""id"": 9872, ""name"": ""grief""}, {""id"": 14534, ""name"": ""relationship""}, {""id"": 14544, ""name"": ""robot""}, {""id"": 15285, ""name"": ""spin off""}, {""id"": 207767, ""name"": ""erotic thriller""}, {""id"": 208397, ""name"": ""death of wife""}, {""id"": 256466, ""name"": ""erotic""}, {""id"": 287333, ""name"": ""robot companion""}, {""id"": 340171, ""name"": ""android horror""}]",6.5,76,2026-07-31,99,187.3571,/bNErActDctl6cdUGw9pnjSCmyhQ.jpg
1564614,Leviticus,Leviticus,Two teenage boys must escape a violent entity that takes the form of the person they desire most:  each other.,"[{""id"": 27, ""name"": ""Horror""}, {""id"": 10749, ""name"": ""Romance""}]","[{""id"": 6152, ""name"": ""supernatural""}, {""id"": 10093, ""name"": ""priest""}, {""id"": 18068, ""name"": ""teenage boy""}, {""id"": 158718, ""name"": ""lgbt""}, {""id"": 163037, ""name"": ""lgbt teen""}, {""id"": 200234, ""name"": ""shocking""}, {""id"": 238832, ""name"": ""conversion therapy""}, {""id"": 250606, ""name"": ""queer""}, {""id"": 256183, ""name"": ""supernatural horror""}, {""id"": 258533, ""name"": ""gay theme""}, {""id"": 265587, ""name"": ""queer horror""}, {""id"": 272553, ""name"": ""psychological""}, {""id"": 281237, ""name"": ""independent film""}, {""id"": 295907, ""name"": ""psychological horror""}, {""id"": 309060, ""name"": ""teen horror""}]",6.526,209,2026-06-17,88,162.2669,/gnAsZvBygplNpp8PtjoTEYv3VPB.jpg
1311031,Demon Slayer: Kimetsu no Yaiba Infinity Castle,劇場版「鬼滅の刃」無限城編 第一章 猗窩座再来,"The Demon Slayer Corps are drawn into the Infinity Castle, where Tanjiro, Nezuko, and the Hashira face terrifying Upper Rank demons in a desperate fight as the final battle against Muzan Kibutsuji begins.","[{""id"": 16, ""name"": ""Animation""}, {""id"": 28, ""name"": ""Action""}, {""id"": 14, ""name"": ""Fantasy""}]","[{""id"": 6152, ""name"": ""supernatural""}, {""id"": 9663, ""name"": ""sequel""}, {""id"": 13141, ""name"": ""based on manga""}, {""id"": 15001, ""name"": ""demon""}, {""id"": 207826, ""name"": ""shounen""}, {""id"": 210024, ""name"": ""anime""}, {""id"": 240485, ""name"": ""brother sister relationship""}, {""id"": 254547, ""name"": ""taisho period""}]",8.66,1721,2025-07-18,156,144.1251,/fWVSwgjpT2D78VUh6X8UBd2rorW.jpg
687163,Project Hail Mary,Project Hail Mary,"Science teacher Ryland Grace wakes up on a spaceship light years from home with no recollection of who he is or how he got there. As his memory returns, he begins to uncover his mission: solve the riddle of the mysterious substance causing the sun to die out. He must call on his scientific knowledge and unorthodox ideas to save everything on Earth from extinction.","[{""id"": 878, ""name"": ""Science Fiction""}, {""id"": 12, ""name"": ""Adventure""}]","[{""id"": 6054, ""name"": ""friendship""}, {""id"": 732, ""name"": ""coma""}, {""id"": 818, ""name"": ""based on novel or book""}, {""id"": 3930, ""name"": ""bravery""}, {""id"": 1670, ""name"": ""sun""}, {""id"": 2568, ""name"": ""language barrier""}, {""id"": 3801, ""name"": ""space travel""}, {""id"": 4040, ""name"": ""space mission""}, {""id"": 9951, ""name"": ""alien""}, {""id"": 9882, ""name"": ""space""}, {""id"": 11469, ""name"": ""memory loss""}, {""id"": 14626, ""name"": ""astronaut""}, {""id"": 14760, ""name"": ""scientist""}, {""id"": 234644, ""name"": ""science teacher""}, {""id"": 238329, ""name"": ""save the planet""}, {""id"": 252937, ""name"": ""spaceship""}, {""id"": 310034, ""name"": ""interspecies friendship""}]",8.7,6866,2026-03-15,157,144.9994,/yihdXomYb5kTeSivtFndMy5iDmf.jpg
47612,Au Bonheur des Dames,Au Bonheur des Dames,"Denise, an orphaned girl, moves to Paris where she hopes to find work at her uncle's store. But the glamorous department store 'Aux Bonheur des Dames' across the street crushes all the little businesses around. She finds a position there.","[{""id"": 18, ""name"": ""Drama""}, {""id"": 10749, ""name"": ""Romance""}]",[],6.3,36,1930-07-03,95,110.7837,/sVFvFFEMRJ1eUzD6nbYLSqwHi0d.jpg
82976,The Novices,Les Novices,"Sister Agnès runs away from her convent in Brittany and seeks refuge in Paris with prostitute Mona Lisa. With absolutely no qualifications, the young novice has a hard job finding work, so Mona Lisa tries to teach her the ropes of the oldest profession of them all!","[{""id"": 35, ""name"": ""Comedy""}, {""id"": 18, ""name"": ""Drama""}]",[],4.8,13,1970-04-01,91,131.2052,/a2SnSbRxMB4vktOxZapaspY2fTC.jpg
1630409,The Debt Collector,คนเดือดทวงแค้น,"Tormented by past mistakes and a terminal diagnosis, an ex-debt collector returns to the underworld to protect the victims of a violent organization.","[{""id"": 28, ""name"": ""Action""}, {""id"": 53, ""name"": ""Thriller""}, {""id"": 80, ""name"": ""Crime""}]",[],7.787,75,2026-07-20,134,128.0408,/qADBUb5ybrkRVGZEFF8Z4RuOwys.jpg
1727780,Borderline,Borderline,"Convinced they are our secret saviors, rogue U.S. operatives abduct Mexican gang members and seed them across major American cities, unleashing criminal chaos, swaying voters by playing on nativist prejudices, and forcing law enforcement into a race to expose the plot as the escalating carnage threatens democracy itself.","[{""id"": 53, ""name"": ""Thriller""}]","[{""id"": 534, ""name"": ""mexico""}, {""id"": 521, ""name"": ""washington dc, usa""}, {""id"": 6086, ""name"": ""government""}, {""id"": 1900, ""name"": ""immigration""}, {""id"": 10410, ""name"": ""conspiracy""}, {""id"": 160977, ""name"": ""virginia""}, {""id"": 198158, ""name"": ""illegal""}, {""id"": 209817, ""name"": ""political thriller""}, {""id"": 281237, ""name"": ""independent film""}, {""id"": 371801, ""name"": ""gang members""}, {""id"": 374897, ""name"": ""indie film""}, {""id"": 378542, ""name"": ""baltimore""}]",5.885,13,2026-07-17,94,124.0886,/sAA2mjpYJFAKydtzG4P4aHC4mZk.jpg
1510795,"Shake, Rattle & Roll: Evil Origins","Shake, Rattle & Roll: Evil Origins","In 1775 during the Spanish colonial period in the Philippines, nuns attempts to survive the night after an unknown evil was set free in their cloister. Meanwhile in 2025, a group of friends attend a Halloween masquerade ball which was attacked by a serial killer. Fast forward to the future in 2050, a post-apocalytic Philippines is ruled by the aswang.","[{""id"": 27, ""name"": ""Horror""}]","[{""id"": 200460, ""name"": ""connected""}, {""id"": 250593, ""name"": ""horror anthology""}, {""id"": 270308, ""name"": ""terror""}, {""id"": 354940, ""name"": ""mmff""}]",4.0,5,2026-06-05,148,118.685,/2ayOQIh18qhJRoajoAxxGuZXry2.jpg
1314481,The Devil Wears Prada 2,The Devil Wears Prada 2,"Andy Sachs returns to Runway as Miranda Priestly navigates a new media landscape and Runway's position within. The duo reconnect with former assistant Emily Charlton, now the head of a luxury brand that possesses funding which could ensure Runway's survival.","[{""id"": 35, ""name"": ""Comedy""}, {""id"": 18, ""name"": ""Drama""}]","[{""id"": 242, ""name"": ""new york city""}, {""id"": 818, ""name"": ""based on novel or book""}, {""id"": 9663, ""name"": ""sequel""}, {""id"": 15479, ""name"": ""fashion""}, {""id"": 176876, ""name"": ""fashion magazine""}, {""id"": 203322, ""name"": ""dramedy""}, {""id"": 207078, ""name"": ""magazine editor""}, {""id"": 236197, ""name"": ""fashion industry""}, {""id"": 301427, ""name"": ""fashionista""}]",7.1,1970,2026-04-29,119,120.2228,/xTI42pmsP5EDnvsNJPEDubwWBQO.jpg
429617,Spider-Man: Far From Home,Spider-Man: Far From Home,"Peter Parker and his friends go on a summer trip to Europe. However, they will hardly be able to rest - Peter will have to agree to help Nick Fury uncover the mystery of creatures that cause natural disasters and destruction throughout the continent.","[{""id"": 28, ""name"": ""Action""}, {""id"": 12, ""name"": ""Adventure""}, {""id"": 878, ""name"": ""Science Fiction""}]","[{""id"": 110, ""name"": ""venice, italy""}, {""id"": 1308, ""name"": ""secret identity""}, {""id"": 9715, ""name"": ""superhero""}, {""id"": 6273, ""name"": ""school trip""}, {""id"": 1295, ""name"": ""europe""}, {""id"": 9717, ""name"": ""based on comic""}, {""id"": 9663, ""name"": ""sequel""}, {""id"": 9935, ""name"": ""travel""}, {""id"": 179430, ""name"": ""aftercreditsstinger""}, {""id"": 179431, ""name"": ""duringcreditsstinger""}, {""id"": 180547, ""name"": ""marvel cinematic universe (mcu)""}, {""id"": 180734, ""name"": ""masked superhero""}, {""id"": 196413, ""name"": ""tower of london""}, {""id"": 213104, ""name"": ""teen superhero""}]",7.394,17302,2019-06-28,129,118.4504,/4q2NNj4S5dG2RLF9CpXsej7yXl.jpg
1110034,Kraken,Kraken,"A marine biologist is doing research on a fish farm when she encounters several strange occurrences. Along with the brutal deaths of two teenagers, all signs point to the deep fjord; can there be more to the depths than the eye can see?","[{""id"": 27, ""name"": ""Horror""}, {""id"": 28, ""name"": ""Action""}, {""id"": 53, ""name"": ""Thriller""}]","[{""id"": 33696, ""name"": ""sea monster""}, {""id"": 263706, ""name"": ""norwegian folklore""}, {""id"": 266753, ""name"": ""cautionary""}]",6.3,263,2026-02-06,94,108.5306,/xdZ8k5s8DTwWyPBMIcflrYLgcAK.jpg
1523145,Your Heart Will Be Broken,Твоё сердце будет разбито,"High school student Polina is saved from bullying at her new school and makes a deal with the main bully Bars: he must pretend to be her boyfriend and protect her, and she must do everything he says. During this game, the couple develops real feelings, but her family and classmates have reasons to separate the lovers.","[{""id"": 10749, ""name"": ""Romance""}]","[{""id"": 818, ""name"": ""based on novel or book""}]",7.1,120,2026-03-26,134,87.0643,/7wIBfBl2gejt6xHxNSK0reVIm7E.jpg
936075,Michael,Michael,"The story of Michael Jackson, one of the most influential artists the world has ever known, and his life beyond the music. His journey from the discovery of his extraordinary talent as the lead of the Jackson Five, to the visionary artist whose creative ambition fueled a relentless pursuit to become the biggest entertainer in the world, highlighting both his life off-stage and some of the most iconic performances from his early solo career.","[{""id"": 10402, ""name"": ""Music""}, {""id"": 18, ""name"": ""Drama""}]","[{""id"": 516, ""name"": ""child abuse""}, {""id"": 380, ""name"": ""sibling relationship""}, {""id"": 1228, ""name"": ""1970s""}, {""id"": 2299, ""name"": ""abusive father""}, {""id"": 3734, ""name"": ""ambition""}, {""id"": 5565, ""name"": ""biography""}, {""id"": 9672, ""name"": ""based on true story""}, {""id"": 10229, ""name"": ""singer""}, {""id"": 15060, ""name"": ""period drama""}, {""id"": 156137, ""name"": ""music history""}, {""id"": 156306, ""name"": ""price of fame""}, {""id"": 163133, ""name"": ""singer-songwriter""}, {""id"": 191458, ""name"": ""rise to fame""}, {""id"": 208289, ""name"": ""1980s""}, {""id"": 208992, ""name"": ""1960s""}, {""id"": 283297, ""name"": ""music""}, {""id"": 340972, ""name"": ""biographical drama""}, {""id"": 345509, ""name"": ""music drama""}, {""id"": 360939, ""name"": ""biopic""}]",8.694,3926,2026-04-22,128,104.9185,/zm0KAbOjlt9eR5y7vDiL2dEOwMl.jpg
102382,The Amazing Spider-Man 2,The Amazing Spider-Man 2,"For Peter Parker, life is busy. Between taking out the bad guys as Spider-Man and spending time with the person he loves, Gwen Stacy, high school graduation cannot come quickly enough. Peter has not forgotten about the promise he made to Gwen’s father to protect her by staying away, but that is a promise he cannot keep. Things will change for Peter when a new villain, Electro, emerges, an old friend, Harry Osborn, returns, and Peter uncovers new clues about his past.","[{""id"": 28, ""name"": ""Action""}, {""id"": 12, ""name"": ""Adventure""}, {""id"": 878, ""name"": ""Science Fiction""}]","[{""id"": 242, ""name"": ""new york city""}, {""id"": 1706, ""name"": ""experiment""}, {""id"": 1523, ""name"": ""obsession""}, {""id"": 1308, ""name"": ""secret identity""}, {""id"": 9715, ""name"": ""superhero""}, {""id"": 9717, ""name"": ""based on comic""}, {""id"": 9663, ""name"": ""sequel""}, {""id"": 13040, ""name"": ""electrocution""}, {""id"": 33637, ""name"": ""super power""}, {""id"": 180734, ""name"": ""masked superhero""}, {""id"": 213104, ""name"": ""teen superhero""}, {""id"": 325796, ""name"": ""disapproving""}]",6.552,14514,2014-04-16,141,97.6154,/dGjoPttcbKR5VWg1jQuNFB247KL.jpg
1525963,Debtor’s Wife,채무자의 아내,"Soo-yeong and Hae-soo are college friends stuck in a love tangle: Soo-yeong likes Che-moo, but Che-moo likes Hae-soo. Meanwhile, Hae-soo likes Dae-in, but Dae-in likes Soo-yeong. Despite the mixed-up feelings, they end up in mismatched marriages. Later, Hae-soo wants to have a baby and tries to get closer to her husband, Dae-in. But Dae-in knows he can’t have children, so he secretly makes a surprising proposal to Soo-yeong’s husband, Che-moo.",[],[],0.0,0,2024-12-26,0,95.8633,/ouXTrnJBimHIhWIUlHARDJH47no.jpg
1668364,Desire,Deseo,"Lucero’s life appears immaculate: a wealthy household, a devoted husband, and two children who embody the promise of a perfect family. Yet beneath this surface simmers a quiet dissatisfaction. When Matías, a young swimming coach hired by her husband, enters their lives, Lucero finds herself pulled into a risky and consuming relationship. As secrecy, desire, and jealousy tighten their grip, the boundaries within the family begin to collapse, placing mother and daughter in a dangerous emotional triangle that threatens to shatter everything Lucero has built.","[{""id"": 9648, ""name"": ""Mystery""}, {""id"": 18, ""name"": ""Drama""}]",[],6.776,199,2026-05-07,97,94.7873,/3bEqHqeaQlFykaLQ7N4gDkIvL5w.jpg
1930,The Amazing Spider-Man,The Amazing Spider-Man,A teenage Peter Parker grapples with both high school and amazing super-human crises as his alter-ego Spider-Man.,"[{""id"": 28, ""name"": ""Action""}, {""id"": 12, ""name"": ""Adventure""}, {""id"": 878, ""name"": ""Science Fiction""}]","[{""id"": 242, ""name"": ""new york city""}, {""id"": 1706, ""name"": ""experiment""}, {""id"": 697, ""name"": ""loss of loved one""}, {""id"": 9715, ""name"": ""superhero""}, {""id"": 9717, ""name"": ""based on comic""}, {""id"": 7002, ""name"": ""vigilante""}, {""id"": 10809, ""name"": ""teenage girl""}, {""id"": 18068, ""name"": ""teenage boy""}, {""id"": 33637, ""name"": ""super power""}, {""id"": 158124, ""name"": ""spider bite""}, {""id"": 158456, ""name"": ""masked vigilante""}, {""id"": 161184, ""name"": ""reboot""}, {""id"": 163561, ""name"": ""genetic engineering""}, {""id"": 171556, ""name"": ""social outcast""}, {""id"": 175421, ""name"": ""death of husband""}, {""id"": 179431, ""name"": ""duringcreditsstinger""}, {""id"": 188957, ""name"": ""virus""}, {""id"": 213104, ""name"": ""teen superhero""}, {""id"": 246862, ""name"": ""teenage angst""}, {""id"": 266013, ""name"": ""vigilante justice""}]",6.747,18829,2012-06-23,136,97.7928,/jexoNYnPd6vVrmygwF6QZmWPFdu.jpg
1594914,Lucky Strike,Lucky Strike,"A wounded American soldier fights to survive behind enemy lines during WWII's Battle of the Bulge against the Germans, relying on his instinct, spy craft and a hand-radio to evade capture and find his way back to his unit.","[{""id"": 28, ""name"": ""Action""}, {""id"": 10752, ""name"": ""War""}]","[{""id"": 1956, ""name"": ""world war ii""}, {""id"": 9672, ""name"": ""based on true story""}, {""id"": 158778, ""name"": ""behind enemy lines""}, {""id"": 185005, ""name"": ""battle of the bulge""}, {""id"": 207883, ""name"": ""1940s""}]",7.1,17,2026-06-26,102,89.6865,/kzRAd7mj39ZY3FGNrDdZjqx56tn.jpg
1127384,Deep Water,Deep Water,A group of international passengers on a flight from Los Angeles to Shanghai is forced to make an emergency landing in shark-infested waters. The terrified group is forced to work together and overcome their differences if they hope to escape their sinking plane and the frenzy of sharks drawn to the wreckage.,"[{""id"": 27, ""name"": ""Horror""}, {""id"": 53, ""name"": ""Thriller""}]","[{""id"": 2769, ""name"": ""deep sea""}, {""id"": 15097, ""name"": ""shark""}]",7.205,366,2026-04-30,107,95.2674,/kjcuS7xaRyqRjVaVcH4t0qHshuX.jpg
1228710,The Mandalorian and Grogu,The Mandalorian and Grogu,"The evil Empire has fallen, and Imperial warlords remain scattered throughout the galaxy. As the fledgling New Republic works to protect everything the Rebellion fought for, they have enlisted the help of legendary Mandalorian bounty hunter Din Djarin and his young apprentice Grogu.","[{""id"": 28, ""name"": ""Action""}, {""id"": 12, ""name"": ""Adventure""}, {""id"": 878, ""name"": ""Science Fiction""}]","[{""id"": 4270, ""name"": ""galaxy""}, {""id"": 801, ""name"": ""bounty hunter""}, {""id"": 15285, ""name"": ""spin off""}, {""id"": 161176, ""name"": ""space opera""}, {""id"": 164246, ""name"": ""nostalgic""}, {""id"": 195114, ""name"": ""space adventure""}, {""id"": 269769, ""name"": ""based on tv series""}, {""id"": 321314, ""name"": ""master apprentice relationship""}, {""id"": 325778, ""name"": ""bold""}]",7.486,1181,2026-05-20,132,92.2754,/7GV5rrUJf0BRUhoh2cyFoeNthlQ.jpg
1569947,The Priest: Thanksgiving Massacre,The Priest: Thanksgiving Massacre,"A family gather to spend Thanksgiving at an isolated cabin, unaware that the site has a horrific history of murder and cannibalism and that the Priest responsible did not rest in peace. Now they are on the menu for Thanksgiving dinner.","[{""id"": 27, ""name"": ""Horror""}]","[{""id"": 4543, ""name"": ""thanksgiving""}, {""id"": 278235, ""name"": ""cannibalism""}, {""id"": 316940, ""name"": ""pilgrims""}, {""id"": 361034, ""name"": ""killer priest""}]",3.31,42,2025-08-08,83,86.7422,/AiRySv62247N91mfCCAryACGNuv.jpg
299536,Avengers: Infinity War,Avengers: Infinity War,"As the Avengers and their allies have continued to protect the world from threats too large for any one hero to handle, a new danger has emerged from the cosmic shadows: Thanos. A despot of intergalactic infamy, his goal is to collect all six Infinity Stones, artifacts of unimaginable power, and use them to inflict his twisted will on all of reality. Everything the Avengers have fought for has led up to this moment - the fate of Earth and existence itself has never been more uncertain.","[{""id"": 12, ""name"": ""Adventure""}, {""id"": 28, ""name"": ""Action""}, {""id"": 878, ""name"": ""Science Fiction""}]","[{""id"": 2858, ""name"": ""sacrifice""}, {""id"": 2343, ""name"": ""magic""}, {""id"": 9715, ""name"": ""superhero""}, {""id"": 9717, ""name"": ""based on comic""}, {""id"": 9882, ""name"": ""space""}, {""id"": 10141, ""name"": ""battlefield""}, {""id"": 14900, ""name"": ""genocide""}, {""id"": 15252, ""name"": ""magical object""}, {""id"": 33637, ""name"": ""super power""}, {""id"": 155030, ""name"": ""superhero team""}, {""id"": 179430, ""name"": ""aftercreditsstinger""}, {""id"": 180547, ""name"": ""marvel cinematic universe (mcu)""}, {""id"": 231295, ""name"": ""cosmic""}]",8.24,32501,2018-04-25,149,92.1263,/7WsyChQLEftFiDOVTGkv3hFpyyt.jpg
1263532,Beast Race,Corrida dos Bichos,"In future Rio de Janeiro, a young leader of the resistance must enter a deadly parkour-inspired competition in order to save his sister's life.","[{""id"": 28, ""name"": ""Action""}, {""id"": 878, ""name"": ""Science Fiction""}, {""id"": 53, ""name"": ""Thriller""}]","[{""id"": 622, ""name"": ""bet""}, {""id"": 4565, ""name"": ""dystopia""}, {""id"": 4458, ""name"": ""post-apocalyptic future""}, {""id"": 6955, ""name"": ""parkour""}, {""id"": 18249, ""name"": ""game""}, {""id"": 212516, ""name"": ""dark future""}, {""id"": 288828, ""name"": ""running race""}, {""id"": 318169, ""name"": ""social inequality""}, {""id"": 358585, ""name"": ""futuro dist\u00f3pico""}, {""id"": 360774, ""name"": ""dying race""}]",5.712,33,2026-03-17,124,89.4695,/mwmfEqWXZG6HmAUuN5SjO8s7UNV.jpg
1285366,Shape of My Heart,愛のぬくもり,"A romance about a man and a woman who, due to an unexpected event, end up switching bodies. Despite coming from completely different backgrounds and environments, the two try to overcome the various difficulties that arise from their body swap.","[{""id"": 10749, ""name"": ""Romance""}]","[{""id"": 6152, ""name"": ""supernatural""}, {""id"": 14669, ""name"": ""older man younger woman relationship""}, {""id"": 33721, ""name"": ""body-swap""}, {""id"": 280003, ""name"": ""girls' love (gl)""}, {""id"": 282667, ""name"": ""age-gap relationship""}]",6.25,4,2024-07-06,91,83.4496,/3r0O6BW9USoZ9mteCVyNKMQriRL.jpg
1226863,The Super Mario Galaxy Movie,The Super Mario Galaxy Movie,"Having thwarted Bowser's previous plot to marry Princess Peach, Mario and Luigi now face a fresh threat in Bowser Jr., who is determined to liberate his father from captivity and restore the family legacy. Alongside companions new and old, the brothers travel across the stars to stop the young heir's crusade.","[{""id"": 10751, ""name"": ""Family""}, {""id"": 35, ""name"": ""Comedy""}, {""id"": 12, ""name"": ""Adventure""}, {""id"": 14, ""name"": ""Fantasy""}, {""id"": 16, ""name"": ""Animation""}]","[{""id"": 4270, ""name"": ""galaxy""}, {""id"": 6054, ""name"": ""friendship""}, {""id"": 380, ""name"": ""sibling relationship""}, {""id"": 3801, ""name"": ""space travel""}, {""id"": 9663, ""name"": ""sequel""}, {""id"": 9882, ""name"": ""space""}, {""id"": 41645, ""name"": ""based on video game""}, {""id"": 167541, ""name"": ""buddy comedy""}, {""id"": 179430, ""name"": ""aftercreditsstinger""}, {""id"": 179431, ""name"": ""duringcreditsstinger""}, {""id"": 195114, ""name"": ""space adventure""}, {""id"": 240119, ""name"": ""father son relationship""}, {""id"": 243230, ""name"": ""parallel universe""}, {""id"": 243959, ""name"": ""brother brother relationship""}, {""id"": 267848, ""name"": ""talking animal""}, {""id"": 272909, ""name"": ""magic land""}, {""id"": 278823, ""name"": ""3d animation""}, {""id"": 325762, ""name"": ""adoring""}]",8.3,3388,2026-04-01,98,85.1676,/eJGWx219ZcEMVQJhAgMiqo8tYY.jpg
1698856,Master of the Universe,Master of the Universe,"A young man must use his untapped powers to fight back against an evil alien and their army, who will stop at nothing to take over Earth and then the universe.","[{""id"": 878, ""name"": ""Science Fiction""}, {""id"": 28, ""name"": ""Action""}, {""id"": 14, ""name"": ""Fantasy""}]","[{""id"": 10542, ""name"": ""based on toy""}, {""id"": 208879, ""name"": ""mockbuster""}, {""id"": 325777, ""name"": ""bewildered""}]",4.83,56,2026-05-22,81,94.7719,/a77OcLmarwiBJakOPPC36m58t4L.jpg
931285,Mortal Kombat II,Mortal Kombat II,"The fan favorite champions—now joined by Johnny Cage himself—are pitted against one another in the ultimate, no-holds barred, gory battle to defeat the dark rule of Shao Kahn that threatens the very existence of the Earthrealm and its defenders.","[{""id"": 28, ""name"": ""Action""}, {""id"": 14, ""name"": ""Fantasy""}, {""id"": 12, ""name"": ""Adventure""}]","[{""id"": 779, ""name"": ""martial arts""}, {""id"": 2343, ""name"": ""magic""}, {""id"": 3075, ""name"": ""ninja fighter""}, {""id"": 10292, ""name"": ""gore""}, {""id"": 9663, ""name"": ""sequel""}, {""id"": 9649, ""name"": ""god""}, {""id"": 9820, ""name"": ""alternate dimension""}, {""id"": 10278, ""name"": ""ninja""}, {""id"": 14955, ""name"": ""fighting""}, {""id"": 41645, ""name"": ""based on video game""}, {""id"": 156159, ""name"": ""martial arts tournament""}, {""id"": 158988, ""name"": ""struggling actor""}, {""id"": 188955, ""name"": ""hand to hand combat""}, {""id"": 202371, ""name"": ""aggressive""}, {""id"": 325765, ""name"": ""amused""}]",7.899,2309,2026-05-06,116,99.3242,/hwRdDFIhaEmpRgoki805YvyyjZf.jpg
83533,Avatar: Fire and Ash,Avatar: Fire and Ash,"In the wake of the devastating war against the RDA and the loss of their eldest son, Jake Sully and Neytiri face a new threat on Pandora: the Ash People, a violent and power-hungry Na'vi tribe led by the ruthless Varang. Jake's family must fight for their survival and the future of Pandora in a conflict that pushes them to their emotional and physical limits.","[{""id"": 878, ""name"": ""Science Fiction""}, {""id"": 12, ""name"": ""Adventure""}, {""id"": 14, ""name"": ""Fantasy""}]","[{""id"": 616, ""name"": ""witch""}, {""id"": 402, ""name"": ""clone""}, {""id"": 3386, ""name"": ""space war""}, {""id"": 10148, ""name"": ""tribe""}, {""id"": 9663, ""name"": ""sequel""}, {""id"": 9951, ""name"": ""alien""}, {""id"": 12375, ""name"": ""transhumanism""}, {""id"": 18035, ""name"": ""family""}, {""id"": 195114, ""name"": ""space adventure""}, {""id"": 196544, ""name"": ""motion capture""}, {""id"": 205734, ""name"": ""family dynamics""}, {""id"": 237104, ""name"": ""rival""}]",7.638,4079,2025-12-17,198,87.5974,/bRBeSHfGHwkEpImlhxPmOcUsaeg.jpg
1280738,The Furious,火遮眼,"After a criminal network kidnaps Wang Wei's daughter and the corrupt police refuse to assist him, Wei sets out on his own to locate her. Navin, a tenacious journalist whose wife has mysteriously vanished, is his only ally. In this explosive martial arts showdown, the unlikely duo fights the kidnappers ruthlessly driven by a furious vengeance.","[{""id"": 28, ""name"": ""Action""}, {""id"": 80, ""name"": ""Crime""}, {""id"": 53, ""name"": ""Thriller""}]","[{""id"": 779, ""name"": ""martial arts""}, {""id"": 780, ""name"": ""kung fu""}, {""id"": 11107, ""name"": ""rescue mission""}, {""id"": 11734, ""name"": ""police corruption""}, {""id"": 163117, ""name"": ""child trafficking""}, {""id"": 170865, ""name"": ""child kidnapping""}, {""id"": 222665, ""name"": ""missing wife""}, {""id"": 239584, ""name"": ""child rescue""}, {""id"": 325819, ""name"": ""frustrated""}, {""id"": 370995, ""name"": ""relentless vengeance""}, {""id"": 374947, ""name"": ""dynamic duo""}]",7.337,294,2026-06-10,113,84.6382,/zP19YO60jwEsfKd5Qf1UvA5uJu8.jpg
1656061,Immortal Combat,Immortal Combat,"History's greatest warriors, including Genghis Khan and Joan of Arc, are summoned by a shadowy organization to fight in a battle to the death. But unknown to their captors, the fighters have been plotting to turn the tables and dismantle the deadly enterprise from within.","[{""id"": 28, ""name"": ""Action""}, {""id"": 878, ""name"": ""Science Fiction""}, {""id"": 12, ""name"": ""Adventure""}]",[],4.8,18,2026-04-24,88,83.6148,/mhRAgvQ04DTE4zQN3OSyc9Lonj3.jpg
559,Spider-Man 3,Spider-Man 3,"The seemingly invincible Spider-Man goes up against an all-new crop of villains—including the shape-shifting Sandman. While Spider-Man’s superpowers are altered by an alien organism, his alter ego, Peter Parker, deals with nemesis Eddie Brock and also gets caught up in a love triangle.","[{""id"": 28, ""name"": ""Action""}, {""id"": 12, ""name"": ""Adventure""}, {""id"": 878, ""name"": ""Science Fiction""}]","[{""id"": 1453, ""name"": ""amnesia""}, {""id"": 851, ""name"": ""dual identity""}, {""id"": 2038, ""name"": ""love of one's life""}, {""id"": 697, ""name"": ""loss of loved one""}, {""id"": 3446, ""name"": ""forgiveness""}, {""id"": 6062, ""name"": ""hostility""}, {""id"": 9715, ""name"": ""superhero""}, {""id"": 1965, ""name"": ""sandstorm""}, {""id"": 3986, ""name"": ""spider""}, {""id"": 4391, ""name"": ""wretch""}, {""id"": 5789, ""name"": ""sand""}, {""id"": 5857, ""name"": ""narcissism""}, {""id"": 5776, ""name"": ""egomania""}, {""id"": 9717, ""name"": ""based on comic""}, {""id"": 9663, ""name"": ""sequel""}, {""id"": 9748, ""name"": ""revenge""}, {""id"": 193132, ""name"": ""symbiote""}, {""id"": 325765, ""name"": ""amused""}]",6.471,15505,2007-05-01,139,84.1582,/sJMTTGjtjvrMZ7G0oP9D13wNUum.jpg
1084242,Zootopia 2,Zootopia 2,"After cracking the biggest case in Zootopia's history, rookie cops Judy Hopps and Nick Wilde find themselves on the twisting trail of a great mystery when Gary De'Snake arrives and turns the animal metropolis upside down. To crack the case, Judy and Nick must go undercover to unexpected new parts of town, where their growing partnership is tested like never before.","[{""id"": 16, ""name"": ""Animation""}, {""id"": 12, ""name"": ""Adventure""}, {""id"": 35, ""name"": ""Comedy""}, {""id"": 9648, ""name"": ""Mystery""}, {""id"": 10751, ""name"": ""Family""}]","[{""id"": 1585, ""name"": ""snake""}, {""id"": 3208, ""name"": ""bunny""}, {""id"": 2527, ""name"": ""fox""}, {""id"": 8015, ""name"": ""cop""}, {""id"": 9663, ""name"": ""sequel""}, {""id"": 11477, ""name"": ""anthropomorphism""}, {""id"": 18165, ""name"": ""animals""}, {""id"": 33549, ""name"": ""displacement""}, {""id"": 167316, ""name"": ""buddy cop""}, {""id"": 167541, ""name"": ""buddy comedy""}, {""id"": 239797, ""name"": ""complex""}, {""id"": 259376, ""name"": ""playful""}, {""id"": 267848, ""name"": ""talking animal""}, {""id"": 278823, ""name"": ""3d animation""}, {""id"": 325805, ""name"": ""embarrassed""}, {""id"": 325811, ""name"": ""excited""}]",7.683,3223,2025-11-26,108,85.0946,/oJ7g2CifqpStmoYQyaLQgEU32qO.jpg
949838,72 HOURS,72 HOURS,"To save his career, a 40-year-old ad exec joins a crew of twentysomethings for a wild Miami bachelor party after they mistakenly add him to a group chat.","[{""id"": 35, ""name"": ""Comedy""}, {""id"": 80, ""name"": ""Crime""}]","[{""id"": 225984, ""name"": ""bachelor party""}, {""id"": 323809, ""name"": ""depressing""}, {""id"": 325783, ""name"": ""clich\u00e9""}]",6.827,304,2026-07-20,102,79.0096,/9Bu1PW2R1XayqRqnl0aDOgMcrdS.jpg
1439930,The Punisher: One Last Kill,The Punisher: One Last Kill,"As Frank Castle searches for meaning beyond revenge, an unexpected force pulls him back into the fight.","[{""id"": 28, ""name"": ""Action""}, {""id"": 18, ""name"": ""Drama""}, {""id"": 80, ""name"": ""Crime""}]","[{""id"": 242, ""name"": ""new york city""}, {""id"": 447, ""name"": ""post-traumatic stress disorder (ptsd)""}, {""id"": 1419, ""name"": ""gun""}, {""id"": 2095, ""name"": ""anti hero""}, {""id"": 3298, ""name"": ""hallucination""}, {""id"": 9717, ""name"": ""based on comic""}, {""id"": 9748, ""name"": ""revenge""}, {""id"": 13116, ""name"": ""one man army""}, {""id"": 18514, ""name"": ""death of family""}, {""id"": 159315, ""name"": ""mental health""}, {""id"": 180547, ""name"": ""marvel cinematic universe (mcu)""}, {""id"": 181644, ""name"": ""hunted""}, {""id"": 202371, ""name"": ""aggressive""}, {""id"": 266013, ""name"": ""vigilante justice""}]",8.296,2022,2026-05-12,51,84.7836,/qQclTgLMDvGBuUBFGHRipxkEwWR.jpg
1404304,The Isolate Thief,The Isolate Thief,A young woman struggles to conceal the gold she stole from a group of violent outlaws who have seized control of her remote outpost.,"[{""id"": 37, ""name"": ""Western""}, {""id"": 28, ""name"": ""Action""}, {""id"": 18, ""name"": ""Drama""}]",[],7.2,12,2026-07-10,95,82.952,/gmmCh2BvTKp0YGT2FYG0eOQJELi.jpg
1728704,Siping,Siping,A gripping story about a woman wagered in a high-stakes card game. But the stakes get even hotter when she’s won by the man who’s long been obsessed with her.,"[{""id"": 18, ""name"": ""Drama""}]","[{""id"": 155477, ""name"": ""softcore""}, {""id"": 321739, ""name"": ""sexy""}]",4.625,4,2026-07-10,70,73.3355,/wNzRyplxryB8s6jb8Be5dYAKZb5.jpg
278,The Shawshank Redemption,The Shawshank Redemption,"Imprisoned in the 1940s for the double murder of his wife and her lover, upstanding banker Andy Dufresne begins a new life at the Shawshank prison, where he puts his accounting skills to work for an amoral warden. During his long stretch in prison, Dufresne comes to be admired by the other inmates -- including an older prisoner named Red -- for his integrity and unquenchable sense of hope.","[{""id"": 18, ""name"": ""Drama""}, {""id"": 80, ""name"": ""Crime""}]","[{""id"": 378, ""name"": ""prison""}, {""id"": 6054, ""name"": ""friendship""}, {""id"": 796, ""name"": ""police brutality""}, {""id"": 417, ""name"": ""corruption""}, {""id"": 818, ""name"": ""based on novel or book""}, {""id"": 6089, ""name"": ""freedom""}, {""id"": 3929, ""name"": ""hope""}, {""id"": 2885, ""name"": ""prison cell""}, {""id"": 4779, ""name"": ""delinquent""}, {""id"": 11436, ""name"": ""redemption""}, {""id"": 8622, ""name"": ""parole board""}, {""id"": 9777, ""name"": ""prison escape""}, {""id"": 12662, ""name"": ""wrongful imprisonment""}, {""id"": 165583, ""name"": ""interracial friendship""}, {""id"": 180172, ""name"": ""framed for murder""}, {""id"": 207883, ""name"": ""1940s""}, {""id"": 236369, ""name"": ""voiceover""}, {""id"": 377433, ""name"": ""epic""}]",8.727,30966,1994-09-23,142,69.0301,/9cqNxx0GxF0bflZmeSMuL5tnGzr.jpg
1419406,The Shadow's Edge,捕风追影,Macau Police brings the tracking expert police officer out of retirement to help catch a dangerous group of professional thieves.,"[{""id"": 28, ""name"": ""Action""}, {""id"": 80, ""name"": ""Crime""}, {""id"": 18, ""name"": ""Drama""}, {""id"": 53, ""name"": ""Thriller""}]","[{""id"": 4776, ""name"": ""race against time""}, {""id"": 8440, ""name"": ""ex-cop""}, {""id"": 10085, ""name"": ""betrayal""}, {""id"": 164246, ""name"": ""nostalgic""}, {""id"": 184188, ""name"": ""macau""}, {""id"": 188955, ""name"": ""hand to hand combat""}, {""id"": 226499, ""name"": ""manhunt""}, {""id"": 227975, ""name"": ""hidden agenda""}, {""id"": 311315, ""name"": ""dramatic""}, {""id"": 371092, ""name"": ""hacked camera system""}, {""id"": 371093, ""name"": ""cryptocurrency""}, {""id"": 371095, ""name"": ""security breach""}, {""id"": 371097, ""name"": ""tracking expert""}, {""id"": 371099, ""name"": ""spectacular action scenes""}, {""id"": 374277, ""name"": ""surveillance city""}, {""id"": 374278, ""name"": ""family stakes""}]",8.013,1115,2025-08-16,142,73.4187,/cHKo3m8N1fwvEy2ZEr0xGmmMODV.jpg
24428,The Avengers,The Avengers,"When an unexpected enemy emerges and threatens global safety and security, Nick Fury, director of the international peacekeeping agency known as S.H.I.E.L.D., finds himself in need of a team to pull the world back from the brink of disaster. Spanning the globe, a daring recruitment effort begins!","[{""id"": 878, ""name"": ""Science Fiction""}, {""id"": 28, ""name"": ""Action""}, {""id"": 12, ""name"": ""Adventure""}]","[{""id"": 242, ""name"": ""new york city""}, {""id"": 9715, ""name"": ""superhero""}, {""id"": 5539, ""name"": ""shield""}, {""id"": 9717, ""name"": ""based on comic""}, {""id"": 14909, ""name"": ""alien invasion""}, {""id"": 155030, ""name"": ""superhero team""}, {""id"": 179430, ""name"": ""aftercreditsstinger""}, {""id"": 179431, ""name"": ""duringcreditsstinger""}, {""id"": 180547, ""name"": ""marvel cinematic universe (mcu)""}]",8.064,39114,2012-04-25,143,82.5463,/RYMX2wcKCBAr24UyPD7xwmjaTn.jpg
157336,Interstellar,Interstellar,The adventures of a group of explorers who make use of a newly discovered wormhole to surpass the limitations on human space travel and conquer the vast distances involved in an interstellar voyage.,"[{""id"": 12, ""name"": ""Adventure""}, {""id"": 18, ""name"": ""Drama""}, {""id"": 878, ""name"": ""Science Fiction""}]","[{""id"": 1612, ""name"": ""spacecraft""}, {""id"": 4776, ""name"": ""race against time""}, {""id"": 310, ""name"": ""artificial intelligence (a.i.)""}, {""id"": 1432, ""name"": ""nasa""}, {""id"": 1521, ""name"": ""time warp""}, {""id"": 4565, ""name"": ""dystopia""}, {""id"": 1963, ""name"": ""expedition""}, {""id"": 4379, ""name"": ""time travel""}, {""id"": 3801, ""name"": ""space travel""}, {""id"": 3417, ""name"": ""wormhole""}, {""id"": 4337, ""name"": ""famine""}, {""id"": 6567, ""name"": ""hibernation""}, {""id"": 4380, ""name"": ""black hole""}, {""id"": 8056, ""name"": ""quantum mechanics""}, {""id"": 10235, ""name"": ""family relationships""}, {""id"": 9882, ""name"": ""space""}, {""id"": 13194, ""name"": ""planet""}, {""id"": 14626, ""name"": ""astronaut""}, {""id"": 14760, ""name"": ""scientist""}, {""id"": 33479, ""name"": ""single father""}, {""id"": 156039, ""name"": ""space station""}, {""id"": 180466, ""name"": ""gravity""}, {""id"": 195114, ""name"": ""space adventure""}, {""id"": 220800, ""name"": ""time-manipulation""}, {""id"": 233155, ""name"": ""cryonics""}, {""id"": 240303, ""name"": ""father daughter relationship""}, {""id"": 270088, ""name"": ""2060s""}, {""id"": 325773, ""name"": ""audacious""}, {""id"": 325809, ""name"": ""enthusiastic""}]",8.484,40658,2014-11-05,169,70.2255,/yQvGrMoipbRoddT0ZR8tPoR7NfX.jpg
324857,Spider-Man: Into the Spider-Verse,Spider-Man: Into the Spider-Verse,"Struggling to find his place in the world while juggling school and family, Brooklyn teenager Miles Morales is unexpectedly bitten by a radioactive spider and develops unfathomable powers just like the one and only Spider-Man. While wrestling with the implications of his new abilities, Miles discovers a super collider created by the madman Wilson ""Kingpin"" Fisk, causing others from across the Spider-Verse to be inadvertently transported to his dimension.","[{""id"": 16, ""name"": ""Animation""}, {""id"": 28, ""name"": ""Action""}, {""id"": 12, ""name"": ""Adventure""}, {""id"": 878, ""name"": ""Science Fiction""}]","[{""id"": 9715, ""name"": ""superhero""}, {""id"": 9717, ""name"": ""based on comic""}, {""id"": 179430, ""name"": ""aftercreditsstinger""}, {""id"": 245157, ""name"": ""alternate universe""}]",8.394,17572,2018-12-06,117,68.7344,/iiZZdoQBEYBv6id8su7ImL0oCbD.jpg
822119,Captain America: Brave New World,Captain America: Brave New World,"After meeting with newly elected U.S. President Thaddeus Ross, Sam finds himself in the middle of an international incident. He must discover the reason behind a nefarious global plot before the true mastermind has the entire world seeing red.","[{""id"": 28, ""name"": ""Action""}, {""id"": 53, ""name"": ""Thriller""}, {""id"": 878, ""name"": ""Science Fiction""}]","[{""id"": 1701, ""name"": ""hero""}, {""id"": 840, ""name"": ""usa president""}, {""id"": 833, ""name"": ""the white house""}, {""id"": 9715, ""name"": ""superhero""}, {""id"": 9717, ""name"": ""based on comic""}, {""id"": 9663, ""name"": ""sequel""}, {""id"": 9748, ""name"": ""revenge""}, {""id"": 10761, ""name"": ""superhuman""}, {""id"": 155392, ""name"": ""summit""}, {""id"": 179430, ""name"": ""aftercreditsstinger""}, {""id"": 180547, ""name"": ""marvel cinematic universe (mcu)""}, {""id"": 188947, ""name"": ""sidekick""}, {""id"": 191600, ""name"": ""assassination attempt""}, {""id"": 209817, ""name"": ""political thriller""}, {""id"": 213294, ""name"": ""treaty""}, {""id"": 222998, ""name"": ""international relations""}]",5.959,3247,2025-02-12,119,72.9348,/pzIddUEMWhWzfvLI3TwxUG2wGoi.jpg
569094,Spider-Man: Across the Spider-Verse,Spider-Man: Across the Spider-Verse,"After reuniting with Gwen Stacy, Brooklyn’s full-time, friendly neighborhood Spider-Man is catapulted across the Multiverse, where he encounters the Spider Society, a team of Spider-People charged with protecting the Multiverse's very existence. But when the heroes clash on how to handle a new threat, Miles finds himself pitted against the other Spiders and must set out on his own to save those he loves most.","[{""id"": 16, ""name"": ""Animation""}, {""id"": 28, ""name"": ""Action""}, {""id"": 12, ""name"": ""Adventure""}, {""id"": 878, ""name"": ""Science Fiction""}]","[{""id"": 242, ""name"": ""new york city""}, {""id"": 1701, ""name"": ""hero""}, {""id"": 848, ""name"": ""double life""}, {""id"": 2858, ""name"": ""sacrifice""}, {""id"": 1308, ""name"": ""secret identity""}, {""id"": 9715, ""name"": ""superhero""}, {""id"": 3289, ""name"": ""villain""}, {""id"": 7939, ""name"": ""portal""}, {""id"": 9717, ""name"": ""based on comic""}, {""id"": 9663, ""name"": ""sequel""}, {""id"": 9840, ""name"": ""romance""}, {""id"": 9181, ""name"": ""alter ego""}, {""id"": 9820, ""name"": ""alternate dimension""}, {""id"": 15025, ""name"": ""parenting""}, {""id"": 18035, ""name"": ""family""}, {""id"": 18095, ""name"": ""alternate version""}, {""id"": 33637, ""name"": ""super power""}, {""id"": 41523, ""name"": ""brooklyn, new york city""}, {""id"": 155030, ""name"": ""superhero team""}, {""id"": 158124, ""name"": ""spider bite""}, {""id"": 163074, ""name"": ""super villain""}, {""id"": 175102, ""name"": ""cliffhanger""}, {""id"": 180734, ""name"": ""masked superhero""}, {""id"": 188237, ""name"": ""teenage romance""}, {""id"": 193545, ""name"": ""young heroes""}, {""id"": 213104, ""name"": ""teen superhero""}, {""id"": 213120, ""name"": ""teen social issues""}, {""id"": 221727, ""name"": ""chelsea""}, {""id"": 245157, ""name"": ""alternate universe""}, {""id"": 265979, ""name"": ""superhero teamup""}, {""id"": 272493, ""name"": ""female superhero""}, {""id"": 282984, ""name"": ""slow burn romance""}, {""id"": 299365, ""name"": ""interdimensional travel""}, {""id"": 325763, ""name"": ""ambiguous""}, {""id"": 325783, ""name"": ""clich\u00e9""}, {""id"": 325809, ""name"": ""enthusiastic""}, {""id"": 325856, ""name"": ""vibrant""}, {""id"": 336874, ""name"": ""multiverse""}]",8.341,8943,2023-05-31,140,70.4361,/8Vt6mWEReuy4Of61Lnj5Xj704m8.jpg
1487861,Elize: Shadows of a Woman,Elize: Sombras de uma Mulher,"In this retelling of a real case, a former escort discovers her wealthy husband's infidelity and struggles to cope as betrayal poisons their marriage.","[{""id"": 53, ""name"": ""Thriller""}, {""id"": 80, ""name"": ""Crime""}, {""id"": 18, ""name"": ""Drama""}]","[{""id"": 5565, ""name"": ""biography""}, {""id"": 9672, ""name"": ""based on true story""}, {""id"": 232486, ""name"": ""real incident""}, {""id"": 376355, ""name"": ""true story""}]",7.437,142,2026-07-22,93,66.3433,/l3wevYWTpiZSUEM5B0Q8c21ALAD.jpg
1304313,Lee Cronin's The Mummy,Lee Cronin's The Mummy,"The young daughter of a journalist disappears into the desert without a trace—eight years later, the broken family is shocked when she is returned to them, as what should be a joyful reunion turns into a living nightmare.","[{""id"": 27, ""name"": ""Horror""}, {""id"": 9648, ""name"": ""Mystery""}]","[{""id"": 736, ""name"": ""journalist""}, {""id"": 1160, ""name"": ""egypt""}, {""id"": 1299, ""name"": ""monster""}, {""id"": 4720, ""name"": ""ritual""}, {""id"": 1930, ""name"": ""kidnapping""}, {""id"": 1949, ""name"": ""pyramid""}, {""id"": 5340, ""name"": ""investigation""}, {""id"": 6152, ""name"": ""supernatural""}, {""id"": 2904, ""name"": ""mummy""}, {""id"": 9712, ""name"": ""possession""}, {""id"": 10941, ""name"": ""disappearance""}, {""id"": 10541, ""name"": ""curse""}, {""id"": 15001, ""name"": ""demon""}, {""id"": 156081, ""name"": ""tomb""}, {""id"": 156091, ""name"": ""missing person""}, {""id"": 162810, ""name"": ""macabre""}, {""id"": 197582, ""name"": ""mysterious""}, {""id"": 210614, ""name"": ""monster movie""}, {""id"": 256183, ""name"": ""supernatural horror""}, {""id"": 283085, ""name"": ""body horror""}, {""id"": 325777, ""name"": ""bewildered""}, {""id"": 325818, ""name"": ""frightened""}]",7.927,2462,2026-04-15,133,69.8707,/1q308iixueCU4pFtSYugNOevtNx.jpg
1290821,Shelter,Shelter,"A man living in self-imposed exile on a remote island rescues a young girl from a violent storm, setting off a chain of events that forces him out of seclusion to protect her from enemies tied to his past.","[{""id"": 28, ""name"": ""Action""}, {""id"": 80, ""name"": ""Crime""}, {""id"": 53, ""name"": ""Thriller""}]","[{""id"": 14903, ""name"": ""home invasion""}, {""id"": 190102, ""name"": ""mysterious girl""}, {""id"": 196164, ""name"": ""ghosts of the past""}, {""id"": 226406, ""name"": ""isolated island""}, {""id"": 239886, ""name"": ""child protection""}, {""id"": 337188, ""name"": ""solitary life""}, {""id"": 369531, ""name"": ""hidden secret""}, {""id"": 369543, ""name"": ""close\u2011quarters combat""}, {""id"": 370665, ""name"": ""dangerous escalation""}, {""id"": 372648, ""name"": ""storm rescue""}, {""id"": 372649, ""name"": ""unexpected threat""}, {""id"": 372650, ""name"": ""violent assault""}, {""id"": 372651, ""name"": ""protective instinct""}, {""id"": 372652, ""name"": ""lone protector""}, {""id"": 372653, ""name"": ""intense action thriller""}, {""id"": 374163, ""name"": ""siege situation""}]",7.78,1653,2026-01-28,107,67.4467,/buPFnHZ3xQy6vZEHxbHgL1Pc6CR.jpg
1599191,仙逆剧场版 弑仙之战,仙逆剧场版 弑仙之战,,[],[],0.0,0,,0,109.8186,/m1dXI1997D7lj6Sh0Z2DI26o2nI.jpg
1327819,Hoppers,Hoppers,"Scientists have discovered how to 'hop' human consciousness into lifelike robotic animals, allowing people to communicate with animals as animals. Animal lover Mabel seizes an opportunity to use the technology, uncovering mysteries within the animal world beyond anything she could have imagined.","[{""id"": 12, ""name"": ""Adventure""}, {""id"": 16, ""name"": ""Animation""}, {""id"": 35, ""name"": ""Comedy""}, {""id"": 10751, ""name"": ""Family""}, {""id"": 878, ""name"": ""Science Fiction""}]","[{""id"": 2763, ""name"": ""human vs nature""}, {""id"": 470, ""name"": ""spy""}, {""id"": 2042, ""name"": ""beaver""}, {""id"": 1897, ""name"": ""oregon, usa""}, {""id"": 12375, ""name"": ""transhumanism""}, {""id"": 161219, ""name"": ""consciousness""}, {""id"": 179430, ""name"": ""aftercreditsstinger""}, {""id"": 179431, ""name"": ""duringcreditsstinger""}, {""id"": 233636, ""name"": ""human becoming an animal""}, {""id"": 251351, ""name"": ""robotic animal""}, {""id"": 256330, ""name"": ""mischievous""}, {""id"": 278823, ""name"": ""3d animation""}, {""id"": 325765, ""name"": ""amused""}, {""id"": 325778, ""name"": ""bold""}, {""id"": 325809, ""name"": ""enthusiastic""}]",8.181,2127,2026-03-04,104,69.3951,/xjtWQ2CL1mpmMNwuU5HeS4Iuwuu.jpg
1477712,Ice Cream Man,Ice Cream Man,An idyllic summer town descends into madness when an ice cream man serves kids sweet delights with horrifying results.,"[{""id"": 27, ""name"": ""Horror""}]","[{""id"": 10292, ""name"": ""gore""}, {""id"": 9826, ""name"": ""murder""}, {""id"": 10714, ""name"": ""serial killer""}, {""id"": 13088, ""name"": ""summer""}, {""id"": 156153, ""name"": ""ice cream""}, {""id"": 157481, ""name"": ""ice cream man \u00a0""}, {""id"": 251620, ""name"": ""town""}, {""id"": 379282, ""name"": ""ai slop""}]",5.3,29,2026-08-03,86,65.1948,/c987gxFjXqYOxZEZKcTkS1ONTWH.jpg
1430698,The Bay,The Bay,"Best friends Emma and Lani, attending a destination wedding in Thailand, find themselves trapped on a sinking tour boat in the heart of a tiger shark sanctuary.","[{""id"": 53, ""name"": ""Thriller""}, {""id"": 27, ""name"": ""Horror""}]","[{""id"": 3434, ""name"": ""thailand""}, {""id"": 5248, ""name"": ""female friendship""}, {""id"": 171842, ""name"": ""sinking boat""}, {""id"": 211539, ""name"": ""tiger shark""}, {""id"": 295959, ""name"": ""best friends""}, {""id"": 309422, ""name"": ""destination wedding""}]",5.975,20,2026-07-02,87,61.9597,/8QQUI4J2zLv6f96TOjbz9dcg8bc.jpg
271110,Captain America: Civil War,Captain America: Civil War,"Following the events of Age of Ultron, the collective governments of the world pass an act designed to regulate all superhuman activity. This polarizes opinion amongst the Avengers, causing two factions to side with Iron Man or Captain America, which causes an epic battle between former allies.","[{""id"": 12, ""name"": ""Adventure""}, {""id"": 28, ""name"": ""Action""}, {""id"": 878, ""name"": ""Science Fiction""}]","[{""id"": 9715, ""name"": ""superhero""}, {""id"": 9717, ""name"": ""based on comic""}, {""id"": 9663, ""name"": ""sequel""}, {""id"": 10834, ""name"": ""super soldier""}, {""id"": 179430, ""name"": ""aftercreditsstinger""}, {""id"": 179431, ""name"": ""duringcreditsstinger""}, {""id"": 180547, ""name"": ""marvel cinematic universe (mcu)""}, {""id"": 265979, ""name"": ""superhero teamup""}, {""id"": 285628, ""name"": ""versus fighting""}, {""id"": 302663, ""name"": ""versus""}]",7.45,24304,2016-04-27,147,62.7281,/rAGiXaUfPzY7CDEyNKUofk3Kw2e.jpg
1007757,Swapped,Swapped,"A small woodland creature and a majestic bird, two natural sworn enemies of the Valley, magically trade places and set off on an adventure of a lifetime to switch back. Their journey soon uncovers a greater threat—one that could endanger not only their species, but the entire valley they call home.","[{""id"": 12, ""name"": ""Adventure""}, {""id"": 16, ""name"": ""Animation""}, {""id"": 10751, ""name"": ""Family""}, {""id"": 14, ""name"": ""Fantasy""}]","[{""id"": 1994, ""name"": ""wolf""}, {""id"": 15214, ""name"": ""buddy""}, {""id"": 33721, ""name"": ""body-swap""}, {""id"": 191404, ""name"": ""forest fire""}, {""id"": 224071, ""name"": ""woodlands""}, {""id"": 263551, ""name"": ""forest lore""}, {""id"": 277462, ""name"": ""bird""}, {""id"": 278823, ""name"": ""3d animation""}, {""id"": 374382, ""name"": ""animal adventure""}]",8.887,2073,2026-05-01,102,63.3015,/tHhxWxge06goXU6ZQH1hj7vK8Hd.jpg
755898,War of the Worlds,War of the Worlds,"Will Radford is a top analyst for Homeland Security who tracks potential threats through a mass surveillance program, until one day an attack by an unknown entity leads him to question whether the government is hiding something from him... and from the rest of the world.","[{""id"": 878, ""name"": ""Science Fiction""}, {""id"": 53, ""name"": ""Thriller""}]","[{""id"": 6086, ""name"": ""government""}, {""id"": 10563, ""name"": ""attack""}, {""id"": 18419, ""name"": ""privacy""}, {""id"": 18420, ""name"": ""surveillance""}, {""id"": 163053, ""name"": ""found footage""}, {""id"": 197255, ""name"": ""cybersecurity""}, {""id"": 202559, ""name"": ""district""}, {""id"": 240069, ""name"": ""online privacy""}, {""id"": 272745, ""name"": ""screenlife""}, {""id"": 273967, ""name"": ""war""}]",4.082,1061,2025-07-29,91,65.0817,/yvirUYrva23IudARHn3mMGVxWqM.jpg
1382832,Hungry,Hungry,A group of holidaymakers must fight for their lives against a rampaging hippo on the loose after becoming lost in the Louisiana swamplands.,"[{""id"": 53, ""name"": ""Thriller""}, {""id"": 27, ""name"": ""Horror""}]","[{""id"": 2509, ""name"": ""hippopotamus""}, {""id"": 3134, ""name"": ""louisiana""}, {""id"": 4551, ""name"": ""swamp""}, {""id"": 13031, ""name"": ""creature""}, {""id"": 158126, ""name"": ""creature feature""}, {""id"": 188316, ""name"": ""hippo""}, {""id"": 336497, ""name"": ""survival thriller""}]",7.181,213,2026-06-03,93,59.2664,/4uNhvGxBDiO0mU5UhxuXBsJwKF3.jpg
98894,Jessica,Jessica,"When the men of a Sicilian village start obsessing over ravishing blonde midwife Jessica, angry females revolt by refusing to have sex with their husbands. As the local priest tries to encourage procreation, Jessica falls for a tricky recluse.","[{""id"": 35, ""name"": ""Comedy""}, {""id"": 18, ""name"": ""Drama""}, {""id"": 10749, ""name"": ""Romance""}]","[{""id"": 629, ""name"": ""sicily, italy""}, {""id"": 9840, ""name"": ""romance""}]",4.294,17,1962-04-19,112,77.2309,/emXHuiMFjPuYKBE9FeIkmQNNmy.jpg
1003596,Avengers: Doomsday,Avengers: Doomsday,Beloved heroes from three distinct universes are set on a deadly collision course and face an existential threat unlike anything they've ever encountered.,"[{""id"": 878, ""name"": ""Science Fiction""}, {""id"": 28, ""name"": ""Action""}, {""id"": 12, ""name"": ""Adventure""}]","[{""id"": 9715, ""name"": ""superhero""}, {""id"": 9717, ""name"": ""based on comic""}, {""id"": 9663, ""name"": ""sequel""}, {""id"": 155030, ""name"": ""superhero team""}, {""id"": 180547, ""name"": ""marvel cinematic universe (mcu)""}, {""id"": 302711, ""name"": ""team up""}, {""id"": 336874, ""name"": ""multiverse""}]",0.0,0,2026-12-16,165,62.5993,/bh2OuKvq19jBHsloUVCfPSZZw81.jpg
155,The Dark Knight,The Dark Knight,"Batman raises the stakes in his war on crime. With the help of Lt. Jim Gordon and District Attorney Harvey Dent, Batman sets out to dismantle the remaining criminal organizations that plague the streets. The partnership proves to be effective, but they soon find themselves prey to a reign of chaos unleashed by a rising criminal mastermind known to the terrified citizens of Gotham as the Joker.","[{""id"": 28, ""name"": ""Action""}, {""id"": 80, ""name"": ""Crime""}, {""id"": 53, ""name"": ""Thriller""}]","[{""id"": 4426, ""name"": ""sadism""}, {""id"": 4630, ""name"": ""chaos""}, {""id"": 1308, ""name"": ""secret identity""}, {""id"": 853, ""name"": ""crime fighter""}, {""id"": 9715, ""name"": ""superhero""}, {""id"": 2095, ""name"": ""anti hero""}, {""id"": 3151, ""name"": ""scarecrow""}, {""id"": 9717, ""name"": ""based on comic""}, {""id"": 7002, ""name"": ""vigilante""}, {""id"": 10291, ""name"": ""organized crime""}, {""id"": 10044, ""name"": ""tragic hero""}, {""id"": 14625, ""name"": ""anti villain""}, {""id"": 18023, ""name"": ""criminal mastermind""}, {""id"": 33518, ""name"": ""district attorney""}, {""id"": 33637, ""name"": ""super power""}, {""id"": 163074, ""name"": ""super villain""}, {""id"": 207268, ""name"": ""neo-noir""}, {""id"": 325778, ""name"": ""bold""}]",8.534,36320,2008-07-16,152,65.096,/qJ2tW6WMUDux911r6m7haRef0WH.jpg
1469342,Her Private Hell,Her Private Hell,"When a mysterious mist engulfs a futuristic metropolis, unleashing a deadly and elusive entity, a troubled young woman searches for her father. Her quest collides with an American GI on a harrowing odyssey to rescue his daughter from Hell.","[{""id"": 878, ""name"": ""Science Fiction""}, {""id"": 27, ""name"": ""Horror""}, {""id"": 53, ""name"": ""Thriller""}]","[{""id"": 1761, ""name"": ""metropolis""}, {""id"": 1794, ""name"": ""yakuza""}, {""id"": 9887, ""name"": ""surrealism""}, {""id"": 9807, ""name"": ""film noir""}, {""id"": 9822, ""name"": ""neon""}, {""id"": 7002, ""name"": ""vigilante""}, {""id"": 10714, ""name"": ""serial killer""}, {""id"": 12190, ""name"": ""cyberpunk""}, {""id"": 12339, ""name"": ""slasher""}, {""id"": 169613, ""name"": ""mist""}, {""id"": 197430, ""name"": ""missing daughter""}, {""id"": 199844, ""name"": ""femicide""}, {""id"": 232997, ""name"": ""dreamlike""}, {""id"": 265586, ""name"": ""stepmother stepdaughter relationship""}, {""id"": 281237, ""name"": ""independent film""}, {""id"": 295902, ""name"": ""actress""}, {""id"": 325819, ""name"": ""frustrated""}, {""id"": 361094, ""name"": ""giallo""}]",5.5,35,2026-07-23,110,62.6129,/kiFacg75KVjy0AM3S4QmbPas8zL.jpg
652,Troy,Troy,"In year 1250 B.C. during the late Bronze age, two emerging nations begin to clash. Paris, the Trojan prince, convinces Helen, Queen of Sparta, to leave her husband Menelaus, and sail with him back to Troy. After Menelaus finds out that his wife was taken by the Trojans, he asks his brother Agamemnon to help him get her back. Agamemnon sees this as an opportunity for power. They set off with 1,000 ships holding 50,000 Greeks to Troy.","[{""id"": 10752, ""name"": ""War""}, {""id"": 28, ""name"": ""Action""}, {""id"": 36, ""name"": ""History""}]","[{""id"": 596, ""name"": ""adultery""}, {""id"": 380, ""name"": ""sibling relationship""}, {""id"": 6062, ""name"": ""hostility""}, {""id"": 3930, ""name"": ""bravery""}, {""id"": 2035, ""name"": ""mythology""}, {""id"": 3258, ""name"": ""beauty""}, {""id"": 3265, ""name"": ""trojan war""}, {""id"": 4372, ""name"": ""wall""}, {""id"": 4373, ""name"": ""fraud""}, {""id"": 9725, ""name"": ""sword fight""}, {""id"": 10141, ""name"": ""battlefield""}, {""id"": 12995, ""name"": ""historical fiction""}, {""id"": 14704, ""name"": ""ancient world""}, {""id"": 41011, ""name"": ""based on song, poem or rhyme""}, {""id"": 158553, ""name"": ""pyre""}, {""id"": 162861, ""name"": ""ancient greece""}, {""id"": 187305, ""name"": ""peplum""}, {""id"": 189601, ""name"": ""trojan horse""}, {""id"": 235616, ""name"": ""bronze age""}, {""id"": 235617, ""name"": ""sparta greece""}, {""id"": 294144, ""name"": ""ships""}, {""id"": 317728, ""name"": ""sword and sandal""}, {""id"": 343487, ""name"": ""12th century bc""}, {""id"": 358120, ""name"": ""achilles""}, {""id"": 358121, ""name"": ""helen of troy""}]",7.183,11338,2004-05-13,163,59.8138,/a07wLy4ONfpsjnBqMwhlWTJTcm.jpg
27205,Inception,Inception,"Cobb, a skilled thief who commits corporate espionage by infiltrating the subconscious of his targets is offered a chance to regain his old life as payment for a task considered to be impossible: ""inception"", the implantation of another person's idea into a target's subconscious.","[{""id"": 28, ""name"": ""Action""}, {""id"": 878, ""name"": ""Science Fiction""}, {""id"": 12, ""name"": ""Adventure""}]","[{""id"": 10364, ""name"": ""mission""}, {""id"": 1566, ""name"": ""dreams""}, {""id"": 1930, ""name"": ""kidnapping""}, {""id"": 470, ""name"": ""spy""}, {""id"": 1501, ""name"": ""allegory""}, {""id"": 6258, ""name"": ""intellectual""}, {""id"": 2887, ""name"": ""manipulation""}, {""id"": 10051, ""name"": ""heist""}, {""id"": 10937, ""name"": ""memory""}, {""id"": 186789, ""name"": ""dream world""}, {""id"": 234868, ""name"": ""subconscious""}, {""id"": 325761, ""name"": ""admiring""}, {""id"": 333185, ""name"": ""high concept""}, {""id"": 346773, ""name"": ""dream""}]",8.4,39804,2010-07-15,148,63.263,/xlaY2zyzMfkhk0HSC5VUwzoZPU1.jpg
238,The Godfather,The Godfather,"Spanning the years 1945 to 1955, a chronicle of the fictional Italian-American Corleone crime family. When organized crime family patriarch, Vito Corleone barely survives an attempt on his life, his youngest son, Michael steps in to take care of the would-be killers, launching a campaign of bloody revenge.","[{""id"": 18, ""name"": ""Drama""}, {""id"": 80, ""name"": ""Crime""}]","[{""id"": 818, ""name"": ""based on novel or book""}, {""id"": 697, ""name"": ""loss of loved one""}, {""id"": 699, ""name"": ""love at first sight""}, {""id"": 131, ""name"": ""italy""}, {""id"": 3149, ""name"": ""gangster""}, {""id"": 1715, ""name"": ""symbolism""}, {""id"": 4677, ""name"": ""patriarch""}, {""id"": 1295, ""name"": ""europe""}, {""id"": 10291, ""name"": ""organized crime""}, {""id"": 10391, ""name"": ""mafia""}, {""id"": 11001, ""name"": ""religion""}, {""id"": 15095, ""name"": ""revenge motive""}, {""id"": 33421, ""name"": ""crime family""}, {""id"": 155538, ""name"": ""sicilian mafia""}, {""id"": 156043, ""name"": ""religious hypocrisy""}, {""id"": 163656, ""name"": ""gun violence""}, {""id"": 165725, ""name"": ""rise to power""}, {""id"": 181858, ""name"": ""gang violence""}, {""id"": 207883, ""name"": ""1940s""}, {""id"": 208611, ""name"": ""1950s""}, {""id"": 257630, ""name"": ""mafia war""}]",8.686,23297,1972-03-14,175,57.6669,/3bhkrj58Vtu7enYsRolD1fZdja1.jpg
299534,Avengers: Endgame,Avengers: Endgame,"After the devastating events of Avengers: Infinity War, the universe is in ruins due to the efforts of the Mad Titan, Thanos. With the help of remaining allies, the Avengers must assemble once more in order to undo Thanos' actions and restore order to the universe once and for all, no matter what consequences may be in store.","[{""id"": 12, ""name"": ""Adventure""}, {""id"": 878, ""name"": ""Science Fiction""}, {""id"": 28, ""name"": ""Action""}]","[{""id"": 9715, ""name"": ""superhero""}, {""id"": 4379, ""name"": ""time travel""}, {""id"": 3801, ""name"": ""space travel""}, {""id"": 5455, ""name"": ""time machine""}, {""id"": 9717, ""name"": ""based on comic""}, {""id"": 9663, ""name"": ""sequel""}, {""id"": 14909, ""name"": ""alien invasion""}, {""id"": 155030, ""name"": ""superhero team""}, {""id"": 180547, ""name"": ""marvel cinematic universe (mcu)""}, {""id"": 186760, ""name"": ""alternate timeline""}, {""id"": 240303, ""name"": ""father daughter relationship""}, {""id"": 241738, ""name"": ""sister sister relationship""}, {""id"": 285485, ""name"": ""teamwork""}]",8.239,28242,2019-04-24,181,63.9051,/ulzhLuWrPK07P1YkdWQLZnQh1JL.jpg
1234821,Jurassic World Rebirth,Jurassic World Rebirth,"Five years after the events of Jurassic World Dominion, covert operations expert Zora Bennett is contracted to lead a skilled team on a top-secret mission to secure genetic material from the world's three most massive dinosaurs. When Zora's operation intersects with a civilian family whose boating expedition was capsized, they all find themselves stranded on an island where they come face-to-face with a sinister, shocking discovery that's been hidden from the world for decades.","[{""id"": 878, ""name"": ""Science Fiction""}, {""id"": 12, ""name"": ""Adventure""}, {""id"": 28, ""name"": ""Action""}]","[{""id"": 2041, ""name"": ""island""}, {""id"": 3269, ""name"": ""secret mission""}, {""id"": 1720, ""name"": ""tyrannosaurus rex""}, {""id"": 1770, ""name"": ""spinosaurus""}, {""id"": 9663, ""name"": ""sequel""}, {""id"": 9743, ""name"": ""stranded""}, {""id"": 12616, ""name"": ""dinosaur""}, {""id"": 18035, ""name"": ""family""}, {""id"": 244157, ""name"": ""genetic experiment""}, {""id"": 319467, ""name"": ""mosasaurus""}, {""id"": 325828, ""name"": ""indifferent""}]",6.273,3618,2025-06-23,134,58.4964,/1RICxzeoNCAO5NpcRMIgg1XT6fm.jpg
122,The Lord of the Rings: The Return of the King,The Lord of the Rings: The Return of the King,"As armies mass for a final battle that will decide the fate of the world--and powerful, ancient forces of Light and Dark compete to determine the outcome--one member of the Fellowship of the Ring is revealed as the noble heir to the throne of the Kings of Men. Yet, the sole hope for triumph over evil lies with a brave hobbit, Frodo, who, accompanied by his loyal friend Sam and the hideous, wretched Gollum, ventures deep into the very dark heart of Mordor on his seemingly impossible quest to destroy the Ring of Power.​","[{""id"": 12, ""name"": ""Adventure""}, {""id"": 14, ""name"": ""Fantasy""}, {""id"": 28, ""name"": ""Action""}]","[{""id"": 6092, ""name"": ""army""}, {""id"": 818, ""name"": ""based on novel or book""}, {""id"": 603, ""name"": ""elves""}, {""id"": 604, ""name"": ""dwarf""}, {""id"": 2343, ""name"": ""magic""}, {""id"": 4152, ""name"": ""kingdom""}, {""id"": 1523, ""name"": ""obsession""}, {""id"": 3930, ""name"": ""bravery""}, {""id"": 3098, ""name"": ""castle""}, {""id"": 3347, ""name"": ""volcano""}, {""id"": 3888, ""name"": ""giant spider""}, {""id"": 9663, ""name"": ""sequel""}, {""id"": 9812, ""name"": ""honor""}, {""id"": 13084, ""name"": ""king""}, {""id"": 41410, ""name"": ""madness""}, {""id"": 156761, ""name"": ""split personality""}, {""id"": 170362, ""name"": ""fantasy world""}, {""id"": 177912, ""name"": ""wizard""}, {""id"": 188270, ""name"": ""epic battle""}, {""id"": 189092, ""name"": ""journey""}, {""id"": 189093, ""name"": ""ring""}, {""id"": 193937, ""name"": ""companionship""}, {""id"": 195269, ""name"": ""magical creature""}, {""id"": 207372, ""name"": ""quest""}, {""id"": 209220, ""name"": ""live action and animation""}, {""id"": 209374, ""name"": ""hero's journey""}, {""id"": 211227, ""name"": ""high fantasy""}, {""id"": 232697, ""name"": ""wraith""}, {""id"": 234213, ""name"": ""sword and sorcery""}, {""id"": 239722, ""name"": ""power madness""}, {""id"": 239797, ""name"": ""complex""}, {""id"": 249821, ""name"": ""trekking""}, {""id"": 269233, ""name"": ""good versus evil""}, {""id"": 273158, ""name"": ""sword making""}, {""id"": 281659, ""name"": ""wistful""}, {""id"": 325782, ""name"": ""cheerful""}, {""id"": 325784, ""name"": ""comforting""}, {""id"": 325835, ""name"": ""melodramatic""}, {""id"": 332708, ""name"": ""winged creatures""}, {""id"": 375250, ""name"": ""epic fantasy""}]",8.503,27036,2003-12-17,201,56.468,/rCzpDGLbOoPwLjy3OAm5NUPOTrC.jpg
617126,The Fantastic 4: First Steps,The Fantastic 4: First Steps,"Against the vibrant backdrop of a 1960s-inspired, retro-futuristic world, Marvel's First Family is forced to balance their roles as heroes with the strength of their family bond, while defending Earth from a ravenous space god called Galactus and his enigmatic Herald, Silver Surfer.","[{""id"": 878, ""name"": ""Science Fiction""}, {""id"": 12, ""name"": ""Adventure""}, {""id"": 28, ""name"": ""Action""}]","[{""id"": 2660, ""name"": ""strong woman""}, {""id"": 83, ""name"": ""saving the world""}, {""id"": 9715, ""name"": ""superhero""}, {""id"": 9717, ""name"": ""based on comic""}, {""id"": 10150, ""name"": ""end of the world""}, {""id"": 33637, ""name"": ""super power""}, {""id"": 155030, ""name"": ""superhero team""}, {""id"": 175629, ""name"": ""alternative reality""}, {""id"": 179430, ""name"": ""aftercreditsstinger""}, {""id"": 179431, ""name"": ""duringcreditsstinger""}, {""id"": 180547, ""name"": ""marvel cinematic universe (mcu)""}, {""id"": 202541, ""name"": ""silver surfer""}, {""id"": 208992, ""name"": ""1960s""}, {""id"": 214730, ""name"": ""retrofuturism""}, {""id"": 285485, ""name"": ""teamwork""}, {""id"": 290395, ""name"": ""casual""}, {""id"": 324429, ""name"": ""romantic""}, {""id"": 325766, ""name"": ""antagonistic""}, {""id"": 325775, ""name"": ""awestruck""}, {""id"": 325809, ""name"": ""enthusiastic""}, {""id"": 374045, ""name"": ""team dynamics""}, {""id"": 374046, ""name"": ""power awakening""}, {""id"": 374047, ""name"": ""planet devourer""}, {""id"": 374048, ""name"": ""cosmic entity""}]",6.947,3647,2025-07-23,115,56.1495,/nf5qaSEvyYSNeFH0YhSs5EsBLX9.jpg
671,Harry Potter and the Philosopher's Stone,Harry Potter and the Philosopher's Stone,"Harry Potter has lived under the stairs at his aunt and uncle's house his whole life. But on his 11th birthday, he learns he's a powerful wizard—with a place waiting for him at the Hogwarts School of Witchcraft and Wizardry. As he learns to harness his newfound powers with the help of the school's kindly headmaster, Harry uncovers the truth about his parents' deaths—and about the villain who's to blame.","[{""id"": 12, ""name"": ""Adventure""}, {""id"": 14, ""name"": ""Fantasy""}]","[{""id"": 616, ""name"": ""witch""}, {""id"": 2921, ""name"": ""school friend""}, {""id"": 6054, ""name"": ""friendship""}, {""id"": 212, ""name"": ""london, england""}, {""id"": 818, ""name"": ""based on novel or book""}, {""id"": 2343, ""name"": ""magic""}, {""id"": 6271, ""name"": ""boarding school""}, {""id"": 3230, ""name"": ""male friendship""}, {""id"": 3650, ""name"": ""child hero""}, {""id"": 3884, ""name"": ""school of witchcraft""}, {""id"": 4238, ""name"": ""chosen one""}, {""id"": 6733, ""name"": ""bullying""}, {""id"": 10873, ""name"": ""school""}, {""id"": 162846, ""name"": ""ghost""}, {""id"": 170362, ""name"": ""fantasy world""}, {""id"": 177912, ""name"": ""wizard""}, {""id"": 198168, ""name"": ""pre-teen""}, {""id"": 209673, ""name"": ""calm""}, {""id"": 210246, ""name"": ""children's adventure""}, {""id"": 246466, ""name"": ""based on young adult novel""}, {""id"": 248927, ""name"": ""found family""}, {""id"": 249680, ""name"": ""teen adventure""}, {""id"": 272301, ""name"": ""owl""}, {""id"": 324016, ""name"": ""male female friendship""}, {""id"": 325761, ""name"": ""admiring""}, {""id"": 325762, ""name"": ""adoring""}, {""id"": 336530, ""name"": ""teen fantasy""}]",7.902,29957,2001-11-16,152,53.8815,/wuMc08IPKEatf9rnMNXvIDxqP4W.jpg
872585,Oppenheimer,Oppenheimer,The story of J. Robert Oppenheimer's role in the development of the atomic bomb during World War II.,"[{""id"": 18, ""name"": ""Drama""}, {""id"": 36, ""name"": ""History""}]","[{""id"": 1157, ""name"": ""husband wife relationship""}, {""id"": 818, ""name"": ""based on novel or book""}, {""id"": 1815, ""name"": ""atomic bomb""}, {""id"": 1627, ""name"": ""patriotism""}, {""id"": 1508, ""name"": ""new mexico""}, {""id"": 1956, ""name"": ""world war ii""}, {""id"": 4593, ""name"": ""atomic bomb test""}, {""id"": 6012, ""name"": ""physics""}, {""id"": 5565, ""name"": ""biography""}, {""id"": 9672, ""name"": ""based on true story""}, {""id"": 10144, ""name"": ""antisemitism""}, {""id"": 15271, ""name"": ""interrogation""}, {""id"": 33720, ""name"": ""guilt""}, {""id"": 159289, ""name"": ""historical event""}, {""id"": 160381, ""name"": ""nuclear weapons""}, {""id"": 173644, ""name"": ""communism""}, {""id"": 173686, ""name"": ""red scare""}, {""id"": 194595, ""name"": ""mccarthyism""}, {""id"": 195022, ""name"": ""top secret project""}, {""id"": 198423, ""name"": ""moral dilemma""}, {""id"": 206515, ""name"": ""usa politics""}, {""id"": 207883, ""name"": ""1940s""}, {""id"": 285398, ""name"": ""20th century""}, {""id"": 285777, ""name"": ""manhattan project""}, {""id"": 297020, ""name"": ""los alamos""}]",8.024,12179,2023-07-19,181,53.9886,/8Gxv8gSFCU0XGDykEGv7zR1n2ua.jpg
533535,Deadpool & Wolverine,Deadpool & Wolverine,"A listless Wade Wilson toils away in civilian life with his days as the morally flexible mercenary, Deadpool, behind him. But when his homeworld faces an existential threat, Wade must reluctantly suit-up again with an even more reluctant Wolverine.","[{""id"": 28, ""name"": ""Action""}, {""id"": 35, ""name"": ""Comedy""}, {""id"": 878, ""name"": ""Science Fiction""}]","[{""id"": 1701, ""name"": ""hero""}, {""id"": 9715, ""name"": ""superhero""}, {""id"": 2095, ""name"": ""anti hero""}, {""id"": 1852, ""name"": ""mutant""}, {""id"": 11687, ""name"": ""breaking the fourth wall""}, {""id"": 179430, ""name"": ""aftercreditsstinger""}, {""id"": 179431, ""name"": ""duringcreditsstinger""}, {""id"": 180547, ""name"": ""marvel cinematic universe (mcu)""}, {""id"": 234268, ""name"": ""mutants""}, {""id"": 265979, ""name"": ""superhero teamup""}]",7.584,9106,2024-07-24,128,55.4596,/8cdWjvZQUExUUTzyp4t6EDMubfO.jpg
1497463,All That We Never Were,Todo lo que nunca fuimos,"19-year-old Leah navigates a coming-of-age journey in the wake of a tragic car accident that claims her parents. Relocated to a coastal town under the care of her brother’s best friend Axel, Leah grapples with grief, haunting nightmares and a fractured sense of self.","[{""id"": 18, ""name"": ""Drama""}, {""id"": 10749, ""name"": ""Romance""}]","[{""id"": 818, ""name"": ""based on novel or book""}, {""id"": 9872, ""name"": ""grief""}, {""id"": 304976, ""name"": ""romantic drama""}]",7.868,57,2026-06-04,0,55.3084,/zqxIT48mWFsC4NSjGEHAcp1pjEo.jpg
1086268,Three,Тrоје,"Ivan and Vera are a young married couple. Both successful in their work, they live in a luxurious villa with their daughters, Petra and Vanja. Aleksandar is their best friend, an architect, as well as Vera's work colleague, who regularly spends time with Ivan and Vera. Aleksanadar and Ivan are friends from childhood, they often go out to nightclubs where Ivan leads a double life. Everything will change one day when the surprising proposal Alexander makes to Ivan does havoc in their lives.","[{""id"": 18, ""name"": ""Drama""}]",[],6.5,2,2023-03-01,97,35.3694,/5mKQPfSpfR0BleflXfV5tyfsh3c.jpg
1318621,Descendants: Wicked Wonderland,Descendants: Wicked Wonderland,"Now that the Queen of Hearts is nice and Cinderella is safe, things seem perfect for Red and Chloe… But little do they know that changing the past created a new villain — Maddox Hatter. When Maddox captures the Queen of Hearts, Red and Chloe must work alongside Red’s new sister Pink, Luisa Madrigal’s son Luis, and Maddox’s son Max to save her and Wonderland.","[{""id"": 10770, ""name"": ""TV Movie""}, {""id"": 10751, ""name"": ""Family""}, {""id"": 14, ""name"": ""Fantasy""}, {""id"": 12, ""name"": ""Adventure""}]","[{""id"": 4344, ""name"": ""musical""}, {""id"": 9663, ""name"": ""sequel""}, {""id"": 15285, ""name"": ""spin off""}, {""id"": 330923, ""name"": ""wonderland""}]",7.566,144,2026-07-16,98,51.7468,/xdhLAADGSse8KCrsDLBuM5b68Cg.jpg
550,Fight Club,Fight Club,"A ticking-time-bomb insomniac and a slippery soap salesman channel primal male aggression into a shocking new form of therapy. Their concept catches on, with underground ""fight clubs"" forming in every town, until an eccentric gets in the way and ignites an out-of-control spiral toward oblivion.","[{""id"": 18, ""name"": ""Drama""}, {""id"": 53, ""name"": ""Thriller""}]","[{""id"": 851, ""name"": ""dual identity""}, {""id"": 3927, ""name"": ""rage and hate""}, {""id"": 818, ""name"": ""based on novel or book""}, {""id"": 1541, ""name"": ""nihilism""}, {""id"": 1721, ""name"": ""fight""}, {""id"": 825, ""name"": ""support group""}, {""id"": 4565, ""name"": ""dystopia""}, {""id"": 4142, ""name"": ""insomnia""}, {""id"": 9181, ""name"": ""alter ego""}, {""id"": 11687, ""name"": ""breaking the fourth wall""}, {""id"": 156761, ""name"": ""split personality""}, {""id"": 179173, ""name"": ""quitting a job""}, {""id"": 212803, ""name"": ""dissociative identity disorder""}, {""id"": 260426, ""name"": ""self destructiveness""}]",8.4,32568,1999-10-15,139,50.9452,/jSziioSwPVrOy9Yow3XhWIBDjq1.jpg
329505,Lola's Secret,Il peccato di Lola,A young man's dreams come true when the sexy new maid seduces him. But she has a secret that leads to trouble.,"[{""id"": 18, ""name"": ""Drama""}, {""id"": 35, ""name"": ""Comedy""}, {""id"": 27, ""name"": ""Horror""}]","[{""id"": 10053, ""name"": ""sexploitation""}, {""id"": 13097, ""name"": ""maid""}, {""id"": 156688, ""name"": ""seductress""}, {""id"": 180340, ""name"": ""voyeur""}, {""id"": 186107, ""name"": ""sexual exploration""}, {""id"": 190370, ""name"": ""erotic movie""}]",7.049,71,1984-05-04,88,45.5314,/qaJ4iQngrLbyz9OgaQkJLppDN6m.jpg
986056,Thunderbolts*,Thunderbolts*,"After finding themselves ensnared in a death trap, seven disillusioned castoffs must embark on a dangerous mission that will force them to confront the darkest corners of their pasts.","[{""id"": 28, ""name"": ""Action""}, {""id"": 878, ""name"": ""Science Fiction""}, {""id"": 12, ""name"": ""Adventure""}]","[{""id"": 242, ""name"": ""new york city""}, {""id"": 9715, ""name"": ""superhero""}, {""id"": 2095, ""name"": ""anti hero""}, {""id"": 3289, ""name"": ""villain""}, {""id"": 9717, ""name"": ""based on comic""}, {""id"": 33637, ""name"": ""super power""}, {""id"": 159315, ""name"": ""mental health""}, {""id"": 179430, ""name"": ""aftercreditsstinger""}, {""id"": 179431, ""name"": ""duringcreditsstinger""}, {""id"": 180547, ""name"": ""marvel cinematic universe (mcu)""}, {""id"": 181655, ""name"": ""congressman""}, {""id"": 240303, ""name"": ""father daughter relationship""}, {""id"": 243999, ""name"": ""impeachment""}, {""id"": 245064, ""name"": ""survivor's guilt""}, {""id"": 285485, ""name"": ""teamwork""}, {""id"": 299368, ""name"": ""ragtag""}, {""id"": 307320, ""name"": ""band of misfits""}, {""id"": 329753, ""name"": ""epic heroes""}]",7.296,3828,2025-04-30,127,52.5981,/hqcexYHbiTBfDIdDWxrxPtVndBX.jpg
1325734,The Drama,The Drama,A happily engaged couple is put to the test when an unexpected turn sends their wedding week off the rails.,"[{""id"": 10749, ""name"": ""Romance""}, {""id"": 35, ""name"": ""Comedy""}, {""id"": 18, ""name"": ""Drama""}]","[{""id"": 1326, ""name"": ""infidelity""}, {""id"": 1680, ""name"": ""boston, massachusetts""}, {""id"": 10123, ""name"": ""dark comedy""}, {""id"": 9799, ""name"": ""romcom""}, {""id"": 207863, ""name"": ""engaged couple""}, {""id"": 232076, ""name"": ""desperate""}, {""id"": 240628, ""name"": ""trust issues""}, {""id"": 293649, ""name"": ""provocative""}, {""id"": 324429, ""name"": ""romantic""}, {""id"": 325762, ""name"": ""adoring""}, {""id"": 325773, ""name"": ""audacious""}, {""id"": 325835, ""name"": ""melodramatic""}, {""id"": 325853, ""name"": ""sympathetic""}]",6.895,1507,2026-04-01,105,50.6259,/rnIOUhzwJDfgQakx8EjoNyItKgs.jpg
526024,Boy Undone,Memorias de lo que no fue,"Two young men spend the night together after meeting the previous evening in a notorious gay club. The next day, however, the host wakes to find the boy he picked up bewildered and confused, unable remember his name or anything about his past. Lacking any type of identification or obvious clues, the boys begin to search for the truth among fragments of memories that may or may not prove reliable.","[{""id"": 18, ""name"": ""Drama""}]","[{""id"": 4569, ""name"": ""gay club""}, {""id"": 11469, ""name"": ""memory loss""}, {""id"": 158718, ""name"": ""lgbt""}, {""id"": 258533, ""name"": ""gay theme""}, {""id"": 325776, ""name"": ""baffled""}]",4.8,20,2017-05-31,116,50.7115,/eOBsUuK4qoW4S8Qm5hNZpno9mVi.jpg
1516698,The Last Sunrise,The Last Sunrise,"Ry, a college student with a chronic illness escapes to Mallorca for the summer with her mother, where she unexpectedly falls for a local and begins to embrace living in the moment. But as her condition worsens and long-hidden family secrets come to light, everything she has found before summer's end is threatened.","[{""id"": 10749, ""name"": ""Romance""}, {""id"": 18, ""name"": ""Drama""}]","[{""id"": 514, ""name"": ""spain""}, {""id"": 818, ""name"": ""based on novel or book""}, {""id"": 10481, ""name"": ""tension""}, {""id"": 13088, ""name"": ""summer""}, {""id"": 291068, ""name"": ""chronic illness""}]",0.0,0,2026-08-26,0,50.1267,/pego3yEZ5SuGvRjESKAguL4Wu7M.jpg
1413976,Citizen Vigilante,Citizen Vigilante,"A man takes justice into his own hands, hunting down criminals. His vigilante crusade makes him a social media star but puts him at odds with the local police chief.","[{""id"": 53, ""name"": ""Thriller""}, {""id"": 28, ""name"": ""Action""}, {""id"": 80, ""name"": ""Crime""}]","[{""id"": 570, ""name"": ""rape""}, {""id"": 417, ""name"": ""corruption""}, {""id"": 6149, ""name"": ""police""}, {""id"": 1900, ""name"": ""immigration""}, {""id"": 11527, ""name"": ""rape victim""}, {""id"": 9826, ""name"": ""murder""}, {""id"": 7002, ""name"": ""vigilante""}, {""id"": 15108, ""name"": ""justice""}, {""id"": 162502, ""name"": ""news report""}, {""id"": 193551, ""name"": ""vigilantism""}, {""id"": 254167, ""name"": ""loving""}, {""id"": 266013, ""name"": ""vigilante justice""}, {""id"": 277050, ""name"": ""bar""}, {""id"": 281585, ""name"": ""inspirational""}, {""id"": 303756, ""name"": ""business owner""}, {""id"": 321059, ""name"": ""nonlinear narrative""}, {""id"": 325813, ""name"": ""exuberant""}, {""id"": 325824, ""name"": ""hopeful""}, {""id"": 325831, ""name"": ""instructive""}, {""id"": 325840, ""name"": ""optimistic""}, {""id"": 325849, ""name"": ""sincere""}, {""id"": 338201, ""name"": ""anonymous""}, {""id"": 345019, ""name"": ""interpol agent""}, {""id"": 367145, ""name"": ""graphic violence""}, {""id"": 377762, ""name"": ""viral sensation""}, {""id"": 378082, ""name"": ""righteous kill""}, {""id"": 378363, ""name"": ""anti woke""}]",6.3,307,2026-06-19,89,50.4672,/6LmJD3Wohe0g4U62wgi7RyJqfE4.jpg
